"FileName","FilePath","KeywordFound","FileSize","LastModified","FileType"
"20251010_Crown_Attorney_commu.txt","C:\Users\User\Documents\EVIDENCE_PACKAGE\20251010_Crown_Attorney_commu.txt","Crown Attorney","0.32 KB","2025-10-11 12:19:28 AM",".txt"
"2ND.txt","C:\Users\User\Documents\EVIDENCE_PACKAGE\2ND.txt","Attorney General","66.13 KB","2025-10-10 8:46:20 PM",".txt"
"3RD.txt","C:\Users\User\Documents\EVIDENCE_PACKAGE\3RD.txt","Crown Attorney","2422.48 KB","2025-10-10 9:08:42 PM",".txt"
"3RD.txt","C:\Users\User\Documents\EVIDENCE_PACKAGE\3RD.txt","Crown Counsel","2422.48 KB","2025-10-10 9:08:42 PM",".txt"
"3RD.txt","C:\Users\User\Documents\EVIDENCE_PACKAGE\3RD.txt","Prosecutor","2422.48 KB","2025-10-10 9:08:42 PM",".txt"
"3RD.txt","C:\Users\User\Documents\EVIDENCE_PACKAGE\3RD.txt","Attorney General","2422.48 KB","2025-10-10 9:08:42 PM",".txt"
"3RD.txt","C:\Users\User\Documents\EVIDENCE_PACKAGE\3RD.txt","Ministry of Attorney","2422.48 KB","2025-10-10 9:08:42 PM",".txt"
"3RD.txt","C:\Users\User\Documents\EVIDENCE_PACKAGE\3RD.txt","Crown Law","2422.48 KB","2025-10-10 9:08:42 PM",".txt"
"3RD.txt","C:\Users\User\Documents\EVIDENCE_PACKAGE\3RD.txt","Criminal Division","2422.48 KB","2025-10-10 9:08:42 PM",".txt"
"911 voice text conversion_memo.txt","C:\Users\User\Documents\EVIDENCE_PACKAGE\911 voice text conversion_memo.txt","Prosecutor","22.79 KB","2025-09-26 8:31:52 PM",".txt"
"briskaudioclip1.txt","C:\Users\User\Documents\EVIDENCE_PACKAGE\briskaudioclip1.txt","Crown Attorney","19.53 KB","2025-10-14 6:02:22 AM",".txt"
"briskaudioclip4.txt","C:\Users\User\Documents\EVIDENCE_PACKAGE\briskaudioclip4.txt","Prosecutor","13.09 KB","2025-10-14 6:06:52 AM",".txt"
"CHARGES CLASSIFICATIONS ORGANIZE.txt","C:\Users\User\Documents\EVIDENCE_PACKAGE\CHARGES CLASSIFICATIONS ORGANIZE.txt","Crown Attorney","75.71 KB","2025-10-06 8:27:56 AM",".txt"
"CHARGES CLASSIFICATIONS ORGANIZE.txt","C:\Users\User\Documents\EVIDENCE_PACKAGE\CHARGES CLASSIFICATIONS ORGANIZE.txt","Prosecutor","75.71 KB","2025-10-06 8:27:56 AM",".txt"
"CHARGES CLASSIFICATIONS ORGANIZE.txt","C:\Users\User\Documents\EVIDENCE_PACKAGE\CHARGES CLASSIFICATIONS ORGANIZE.txt","Attorney General","75.71 KB","2025-10-06 8:27:56 AM",".txt"
"DeepSeek_2025-10-01_LegalAidTrap.txt","C:\Users\User\Documents\EVIDENCE_PACKAGE\DeepSeek_2025-10-01_LegalAidTrap.txt","Crown Attorney","1102.79 KB","2025-10-10 8:27:04 PM",".txt"
"DeepSeek_2025-10-01_LegalAidTrap.txt","C:\Users\User\Documents\EVIDENCE_PACKAGE\DeepSeek_2025-10-01_LegalAidTrap.txt","Attorney General","1102.79 KB","2025-10-10 8:27:04 PM",".txt"
"DOSS NEEDS TO BE SPECIFIC NO SHORT CUTS FILE.txt","C:\Users\User\Documents\EVIDENCE_PACKAGE\DOSS NEEDS TO BE SPECIFIC NO SHORT CUTS FILE.txt","Crown Attorney","512.92 KB","2025-10-04 5:35:14 PM",".txt"
"DOSS NEEDS TO BE SPECIFIC NO SHORT CUTS FILE.txt","C:\Users\User\Documents\EVIDENCE_PACKAGE\DOSS NEEDS TO BE SPECIFIC NO SHORT CUTS FILE.txt","Prosecutor","512.92 KB","2025-10-04 5:35:14 PM",".txt"
"DOSS NEEDS TO BE SPECIFIC NO SHORT CUTS FILE.txt","C:\Users\User\Documents\EVIDENCE_PACKAGE\DOSS NEEDS TO BE SPECIFIC NO SHORT CUTS FILE.txt","Attorney General","512.92 KB","2025-10-04 5:35:14 PM",".txt"
"FIRST.txt","C:\Users\User\Documents\EVIDENCE_PACKAGE\FIRST.txt","Crown Attorney","236.26 KB","2025-10-10 8:44:12 PM",".txt"
"FIRST.txt","C:\Users\User\Documents\EVIDENCE_PACKAGE\FIRST.txt","Attorney General","236.26 KB","2025-10-10 8:44:12 PM",".txt"
"original_msg.eml","C:\Users\User\Documents\EVIDENCE_PACKAGE\original_msg.eml","Crown Attorney","53.94 KB","2025-09-26 8:36:34 PM",".eml"
"original_msg.eml","C:\Users\User\Documents\EVIDENCE_PACKAGE\original_msg.eml","Attorney General","53.94 KB","2025-09-26 8:36:34 PM",".eml"
"R. v. Longo ? Emergency LAO Certificate + Disbursements ? OCJ Windsor ? Evidence Attached (AGC served 23?Sep?2025 21_34).eml","C:\Users\User\Documents\EVIDENCE_PACKAGE\R. v. Longo ? Emergency LAO Certificate + Disbursements ? OCJ Windsor ? Evidence Attached (AGC served 23?Sep?2025 21_34).eml","Attorney General","11.33 KB","2025-09-23 10:12:24 PM",".eml"
"rcp-37a-e.pdf","C:\Users\User\Documents\EVIDENCE_PACKAGE\rcp-37a-e.pdf","Attorney General","505.7 KB","2025-09-22 11:59:16 PM",".pdf"
"Subject_ R. v. Longo ? URGENT SERVICE ON AGC ? Form 4F ? Filed OCJ Windsor 23?Sep?2025 15_47 (3_47 pm).eml","C:\Users\User\Documents\EVIDENCE_PACKAGE\Subject_ R. v. Longo ? URGENT SERVICE ON AGC ? Form 4F ? Filed OCJ Windsor 23?Sep?2025 15_47 (3_47 pm).eml","Attorney General","1550.51 KB","2025-09-23 9:38:03 PM",".eml"
"MICROSOFT_SERVICES_ANALYSIS.txt","C:\Users\User\Documents\LONGO_CASE_MASTER\EMAIL_EVIDENCE_HUB_20251018_175215\06_MICROSOFT_EVIDENCE\MICROSOFT_SERVICES_ANALYSIS.txt","Crown Attorney","1.1 KB","2025-10-18 5:52:23 PM",".txt"
"MICROSOFT_SERVICES_ANALYSIS.txt","C:\Users\User\Documents\LONGO_CASE_MASTER\EMAIL_EVIDENCE_HUB_20251018_175215\MICROSOFT_SERVICES_ANALYSIS.txt","Crown Attorney","1.1 KB","2025-10-18 5:52:23 PM",".txt"
"911 voice text conversion_memo.txt","C:\Users\User\Documents\PRIORITY_FILING_TODAY\911 voice text conversion_memo.txt","Prosecutor","22.79 KB","2025-09-26 8:31:52 PM",".txt"
"Email_Evidence_Report.txt","C:\Users\User\Documents\SEPT23_REFILING_ALTERED_DOCS\Email_Evidence_Report.txt","Crown Attorney","2.89 KB","2025-10-13 1:27:34 PM",".txt"
"00_ULTIMATE_EVIDENCE_PACKAGE_COVER.txt","C:\Users\User\Documents\ULTIMATE_EVIDENCE_PACKAGE\00_ULTIMATE_EVIDENCE_PACKAGE_COVER.txt","Crown Attorney","4.35 KB","2025-10-15 3:01:46 PM",".txt"
"00_ULTIMATE_EVIDENCE_PACKAGE_COVER.txt","C:\Users\User\Documents\ULTIMATE_EVIDENCE_PACKAGE\00_ULTIMATE_EVIDENCE_PACKAGE_COVER.txt","Prosecutor","4.35 KB","2025-10-15 3:01:46 PM",".txt"
"01_URGENT_WITNESS_SUBPOENA_DEMANDS.txt","C:\Users\User\Documents\ULTIMATE_EVIDENCE_PACKAGE\01_URGENT_WITNESS_SUBPOENA_DEMANDS.txt","Crown Attorney","2.92 KB","2025-10-15 3:01:47 PM",".txt"
"911 voice text conversion_memo.txt","C:\Users\User\Documents\ULTIMATE_EVIDENCE_PACKAGE\911 voice text conversion_memo.txt","Prosecutor","22.79 KB","2025-09-26 8:31:52 PM",".txt"
"00_ULTIMATE_EVIDENCE_PACKAGE_COVER.txt","C:\Users\User\Documents\ULTIMATE_FILING_PACKAGE\00_ULTIMATE_EVIDENCE_PACKAGE_COVER.txt","Crown Attorney","3.04 KB","2025-10-15 2:47:49 PM",".txt"
"911 voice text conversion_memo.txt","C:\Users\User\Documents\ULTIMATE_FILING_PACKAGE\911 voice text conversion_memo.txt","Prosecutor","22.79 KB","2025-09-26 8:31:52 PM",".txt"
"911 voice text conversion_memo (1).txt","C:\Users\User\Documents\911 voice text conversion_memo (1).txt","Prosecutor","22.79 KB","2025-10-15 8:10:13 PM",".txt"
"ALL ORIGINAL GMAIL CROWN.txt","C:\Users\User\Documents\ALL ORIGINAL GMAIL CROWN.txt","Crown Attorney","1839.36 KB","2025-10-15 6:50:20 PM",".txt"
"ALL ORIGINAL GMAIL CROWN.txt","C:\Users\User\Documents\ALL ORIGINAL GMAIL CROWN.txt","Prosecutor","1839.36 KB","2025-10-15 6:50:20 PM",".txt"
"ALL ORIGINAL GMAIL CROWN.txt","C:\Users\User\Documents\ALL ORIGINAL GMAIL CROWN.txt","Attorney General","1839.36 KB","2025-10-15 6:50:20 PM",".txt"
"ALL ORIGINAL GMAIL CROWN.txt","C:\Users\User\Documents\ALL ORIGINAL GMAIL CROWN.txt","Criminal Division","1839.36 KB","2025-10-15 6:50:20 PM",".txt"
"briskaudioclip1.txt","C:\Users\User\Documents\briskaudioclip1.txt","Crown Attorney","19.53 KB","2025-10-14 6:02:22 AM",".txt"
"briskaudioclip4.txt","C:\Users\User\Documents\briskaudioclip4.txt","Prosecutor","13.09 KB","2025-10-14 6:06:52 AM",".txt"
"July 8 court recording rescheduling, crown_memo 2_memo.txt","C:\Users\User\Documents\July 8 court recording rescheduling, crown_memo 2_memo.txt","Prosecutor","14.78 KB","2025-10-15 8:10:34 PM",".txt"
"PDF_CREATION_GUIDE.txt","C:\Users\User\Documents\PDF_CREATION_GUIDE.txt","Prosecutor","323.16 KB","2025-10-15 1:53:48 PM",".txt"
"R. v. Longo ? Emergency LAO Certificate + Disbursements ? OCJ Windsor ? Evidence Attached (AGC served 23?Sep?2025 21_34).eml","C:\Users\User\Documents\R. v. Longo ? Emergency LAO Certificate + Disbursements ? OCJ Windsor ? Evidence Attached (AGC served 23?Sep?2025 21_34).eml","Attorney General","11.33 KB","2025-09-23 10:12:24 PM",".eml"
"rcp-37a-e.pdf","C:\Users\User\Documents\rcp-37a-e.pdf","Attorney General","505.7 KB","2025-09-22 11:59:16 PM",".pdf"
"Subject_ R. v. Longo ? URGENT SERVICE ON AGC ? Form 4F ? Filed OCJ Windsor 23?Sep?2025 15_47 (3_47 pm).eml","C:\Users\User\Documents\Subject_ R. v. Longo ? URGENT SERVICE ON AGC ? Form 4F ? Filed OCJ Windsor 23?Sep?2025 15_47 (3_47 pm).eml","Attorney General","1550.51 KB","2025-09-23 9:38:03 PM",".eml"
"Windsor.OCJ.Criminal.TrialCoordinator@ontario.ca, windsor.scj@ontario.ca, windsor.crown@ontario.ca, crown.windsor@ontario.ca, mag.correspondence@ontario.ca, attorney.general@ontario.ca, lso@lso.ca, complaints@lso.ca.eml","C:\Users\User\Documents\Windsor.OCJ.Criminal.TrialCoordinator@ontario.ca, windsor.scj@ontario.ca, windsor.crown@ontario.ca, crown.windsor@ontario.ca, mag.correspondence@ontario.ca, attorney.general@ontario.ca, lso@lso.ca, complaints@lso.ca.eml","Crown Attorney","452.81 KB","2025-10-16 2:10:58 AM",".eml"
"190_english_wikipedia.txt","C:\Users\User\Desktop\dance mix\dance mix\PC2_EVIDENCE_SCAN\190_english_wikipedia.txt","Prosecutor","270.52 KB","2020-06-02 4:10:56 AM",".txt"
"195_us_tv_and_film.txt","C:\Users\User\Desktop\dance mix\dance mix\PC2_EVIDENCE_SCAN\195_us_tv_and_film.txt","Prosecutor","160.44 KB","2020-06-02 4:11:02 AM",".txt"
"851_911 voice text conversion_memo.txt","C:\Users\User\Desktop\dance mix\dance mix\PC2_EVIDENCE_SCAN\851_911 voice text conversion_memo.txt","Prosecutor","22.79 KB","2025-09-26 8:31:52 PM",".txt"
"854_case find 1.txt","C:\Users\User\Desktop\dance mix\dance mix\PC2_EVIDENCE_SCAN\854_case find 1.txt","Crown Attorney","366.83 KB","2025-09-23 7:40:56 PM",".txt"
"854_case find 1.txt","C:\Users\User\Desktop\dance mix\dance mix\PC2_EVIDENCE_SCAN\854_case find 1.txt","Prosecutor","366.83 KB","2025-09-23 7:40:56 PM",".txt"
"854_case find 1.txt","C:\Users\User\Desktop\dance mix\dance mix\PC2_EVIDENCE_SCAN\854_case find 1.txt","Criminal Division","366.83 KB","2025-09-23 7:40:56 PM",".txt"
"856_Court questions with judge vs Crown_memo_memo.txt","C:\Users\User\Desktop\dance mix\dance mix\PC2_EVIDENCE_SCAN\856_Court questions with judge vs Crown_memo_memo.txt","Crown Attorney","23.98 KB","2025-09-26 8:19:12 PM",".txt"
"856_Court questions with judge vs Crown_memo_memo.txt","C:\Users\User\Desktop\dance mix\dance mix\PC2_EVIDENCE_SCAN\856_Court questions with judge vs Crown_memo_memo.txt","Crown Law","23.98 KB","2025-09-26 8:19:12 PM",".txt"
"857_discloser 2.txt","C:\Users\User\Desktop\dance mix\dance mix\PC2_EVIDENCE_SCAN\857_discloser 2.txt","Crown Attorney","472.02 KB","2025-09-23 7:55:54 PM",".txt"
"857_discloser 2.txt","C:\Users\User\Desktop\dance mix\dance mix\PC2_EVIDENCE_SCAN\857_discloser 2.txt","Crown Counsel","472.02 KB","2025-09-23 7:55:54 PM",".txt"
"857_discloser 2.txt","C:\Users\User\Desktop\dance mix\dance mix\PC2_EVIDENCE_SCAN\857_discloser 2.txt","Prosecutor","472.02 KB","2025-09-23 7:55:54 PM",".txt"
"859_FULL REPORT CORRUPT OFFICIALS.txt","C:\Users\User\Desktop\dance mix\dance mix\PC2_EVIDENCE_SCAN\859_FULL REPORT CORRUPT OFFICIALS.txt","Crown Attorney","103.4 KB","2025-09-24 9:45:54 PM",".txt"
"859_FULL REPORT CORRUPT OFFICIALS.txt","C:\Users\User\Desktop\dance mix\dance mix\PC2_EVIDENCE_SCAN\859_FULL REPORT CORRUPT OFFICIALS.txt","Prosecutor","103.4 KB","2025-09-24 9:45:54 PM",".txt"
"859_FULL REPORT CORRUPT OFFICIALS.txt","C:\Users\User\Desktop\dance mix\dance mix\PC2_EVIDENCE_SCAN\859_FULL REPORT CORRUPT OFFICIALS.txt","Attorney General","103.4 KB","2025-09-24 9:45:54 PM",".txt"
"861_July 8 court recording rescheduling, crown_memo 2_memo (1).txt","C:\Users\User\Desktop\dance mix\dance mix\PC2_EVIDENCE_SCAN\861_July 8 court recording rescheduling, crown_memo 2_memo (1).txt","Prosecutor","14.78 KB","2025-09-23 6:59:26 PM",".txt"
"Litigation Funding Report_ R. v. Longo - Systematic Prosecutorial Conspiracy.pdf","C:\Users\User\Desktop\Francesco_USB_Package_For_Jerry\4_Documentary_Evidence\Litigation Funding Report_ R. v. Longo - Systematic Prosecutorial Conspiracy.pdf","Prosecutor","105.86 KB","2025-09-27 6:37:18 PM",".pdf"
"Litigation Funding Report_ R. v. Longo - Systematic Prosecutorial Conspiracy.pdf","C:\Users\User\Desktop\PULL_AREA_ALL_FILES\Litigation Funding Report_ R. v. Longo - Systematic Prosecutorial Conspiracy.pdf","Prosecutor","105.86 KB","2025-09-27 6:37:18 PM",".pdf"
"main-social-post.txt","C:\Users\User\Desktop\rvlongo\social-media\main-social-post.txt","Crown Attorney","0.94 KB","2025-10-24 12:09:14 PM",".txt"
"main-social-post.txt","C:\Users\User\Desktop\rvlongo\social-media\main-social-post.txt","Attorney General","0.94 KB","2025-10-24 12:09:14 PM",".txt"
"twitter-thread.txt","C:\Users\User\Desktop\rvlongo\social-media\twitter-thread.txt","Crown Attorney","1.43 KB","2025-10-24 12:09:15 PM",".txt"
"twitter-thread.txt","C:\Users\User\Desktop\rvlongo\social-media\twitter-thread.txt","Attorney General","1.43 KB","2025-10-24 12:09:15 PM",".txt"
"Audacity-Step-by-Step-Guide.txt","C:\Users\User\Desktop\rvlongo\Audacity-Step-by-Step-Guide.txt","Crown Attorney","1.53 KB","2025-10-24 4:38:04 PM",".txt"
"Audacity-Step-by-Step-Guide.txt","C:\Users\User\Desktop\rvlongo\Audacity-Step-by-Step-Guide.txt","Attorney General","1.53 KB","2025-10-24 4:38:04 PM",".txt"
"Simple-Audio-Solution.txt","C:\Users\User\Desktop\rvlongo\Simple-Audio-Solution.txt","Attorney General","1.31 KB","2025-10-24 4:48:21 PM",".txt"
"ALANA_BEST_IDENTIFICATION.txt","C:\Users\User\Desktop\ALANA_BEST_IDENTIFICATION.txt","Attorney General","0.5 KB","2025-10-27 6:32:22 PM",".txt"
"grok doss conversations.txt","C:\Users\User\Desktop\grok doss conversations.txt","Crown Attorney","456.2 KB","2025-10-05 11:02:27 AM",".txt"
"grok doss conversations.txt","C:\Users\User\Desktop\grok doss conversations.txt","Crown Counsel","456.2 KB","2025-10-05 11:02:27 AM",".txt"
"grok doss conversations.txt","C:\Users\User\Desktop\grok doss conversations.txt","Prosecutor","456.2 KB","2025-10-05 11:02:27 AM",".txt"
"grok doss conversations.txt","C:\Users\User\Desktop\grok doss conversations.txt","Attorney General","456.2 KB","2025-10-05 11:02:27 AM",".txt"
"grok doss conversations.txt","C:\Users\User\Desktop\grok doss conversations.txt","Criminal Division","456.2 KB","2025-10-05 11:02:27 AM",".txt"
"PoliceDisclosureForensics_20251022-193130.txt","C:\Users\User\Desktop\PoliceDisclosureForensics_20251022-193130.txt","Crown Attorney","2.9 KB","2025-10-22 7:31:30 PM",".txt"
"PoliceDisclosureForensics_20251022-193130.txt","C:\Users\User\Desktop\PoliceDisclosureForensics_20251022-193130.txt","Crown Counsel","2.9 KB","2025-10-22 7:31:30 PM",".txt"
"PoliceDisclosureForensics_20251022-193130.txt","C:\Users\User\Desktop\PoliceDisclosureForensics_20251022-193130.txt","Prosecutor","2.9 KB","2025-10-22 7:31:30 PM",".txt"
"TOTAL RECAP MASTER .txt","C:\Users\User\Desktop\TOTAL RECAP MASTER .txt","Crown Attorney","2668.05 KB","2025-10-23 12:49:45 PM",".txt"
"TOTAL RECAP MASTER .txt","C:\Users\User\Desktop\TOTAL RECAP MASTER .txt","Crown Counsel","2668.05 KB","2025-10-23 12:49:45 PM",".txt"
"TOTAL RECAP MASTER .txt","C:\Users\User\Desktop\TOTAL RECAP MASTER .txt","Prosecutor","2668.05 KB","2025-10-23 12:49:45 PM",".txt"
"TOTAL RECAP MASTER .txt","C:\Users\User\Desktop\TOTAL RECAP MASTER .txt","Attorney General","2668.05 KB","2025-10-23 12:49:45 PM",".txt"
"TOTAL RECAP MASTER .txt","C:\Users\User\Desktop\TOTAL RECAP MASTER .txt","Ministry of Attorney","2668.05 KB","2025-10-23 12:49:45 PM",".txt"
"V10.txt","C:\Users\User\Desktop\V10.txt","Crown Attorney","1772.25 KB","2025-10-23 11:34:58 AM",".txt"
"V10.txt","C:\Users\User\Desktop\V10.txt","Crown Counsel","1772.25 KB","2025-10-23 11:34:58 AM",".txt"
"V10.txt","C:\Users\User\Desktop\V10.txt","Prosecutor","1772.25 KB","2025-10-23 11:34:58 AM",".txt"
"V10.txt","C:\Users\User\Desktop\V10.txt","Attorney General","1772.25 KB","2025-10-23 11:34:58 AM",".txt"
"V10.txt","C:\Users\User\Desktop\V10.txt","Ministry of Attorney","1772.25 KB","2025-10-23 11:34:58 AM",".txt"
"V11.txt","C:\Users\User\Desktop\V11.txt","Crown Attorney","2668.05 KB","2025-10-23 11:35:45 AM",".txt"
"V11.txt","C:\Users\User\Desktop\V11.txt","Crown Counsel","2668.05 KB","2025-10-23 11:35:45 AM",".txt"
"V11.txt","C:\Users\User\Desktop\V11.txt","Prosecutor","2668.05 KB","2025-10-23 11:35:45 AM",".txt"
"V11.txt","C:\Users\User\Desktop\V11.txt","Attorney General","2668.05 KB","2025-10-23 11:35:45 AM",".txt"
"V11.txt","C:\Users\User\Desktop\V11.txt","Ministry of Attorney","2668.05 KB","2025-10-23 11:35:45 AM",".txt"
"V4 PROFESSIONAL DESIGN ENHANCEMENTS COMPLETED.txt","C:\Users\User\Desktop\V4 PROFESSIONAL DESIGN ENHANCEMENTS COMPLETED.txt","Crown Attorney","2112.62 KB","2025-10-23 11:22:59 AM",".txt"
"V4 PROFESSIONAL DESIGN ENHANCEMENTS COMPLETED.txt","C:\Users\User\Desktop\V4 PROFESSIONAL DESIGN ENHANCEMENTS COMPLETED.txt","Prosecutor","2112.62 KB","2025-10-23 11:22:59 AM",".txt"
"V4 PROFESSIONAL DESIGN ENHANCEMENTS COMPLETED.txt","C:\Users\User\Desktop\V4 PROFESSIONAL DESIGN ENHANCEMENTS COMPLETED.txt","Attorney General","2112.62 KB","2025-10-23 11:22:59 AM",".txt"
"V4 PROFESSIONAL DESIGN ENHANCEMENTS COMPLETED.txt","C:\Users\User\Desktop\V4 PROFESSIONAL DESIGN ENHANCEMENTS COMPLETED.txt","Ministry of Attorney","2112.62 KB","2025-10-23 11:22:59 AM",".txt"
"V6.txt","C:\Users\User\Desktop\V6.txt","Crown Attorney","762.68 KB","2025-10-23 11:23:30 AM",".txt"
"V6.txt","C:\Users\User\Desktop\V6.txt","Prosecutor","762.68 KB","2025-10-23 11:23:30 AM",".txt"
"V6.txt","C:\Users\User\Desktop\V6.txt","Attorney General","762.68 KB","2025-10-23 11:23:30 AM",".txt"
"V6.txt","C:\Users\User\Desktop\V6.txt","Ministry of Attorney","762.68 KB","2025-10-23 11:23:30 AM",".txt"
"V7.txt","C:\Users\User\Desktop\V7.txt","Crown Attorney","587.25 KB","2025-10-23 11:25:47 AM",".txt"
"V7.txt","C:\Users\User\Desktop\V7.txt","Attorney General","587.25 KB","2025-10-23 11:25:47 AM",".txt"
"V7.txt","C:\Users\User\Desktop\V7.txt","Ministry of Attorney","587.25 KB","2025-10-23 11:25:47 AM",".txt"
"V77.txt","C:\Users\User\Desktop\V77.txt","Crown Attorney","457.41 KB","2025-10-23 11:36:35 AM",".txt"
"V77.txt","C:\Users\User\Desktop\V77.txt","Attorney General","457.41 KB","2025-10-23 11:36:35 AM",".txt"
"V77.txt","C:\Users\User\Desktop\V77.txt","Ministry of Attorney","457.41 KB","2025-10-23 11:36:35 AM",".txt"
"V88.txt","C:\Users\User\Desktop\V88.txt","Crown Attorney","128.43 KB","2025-10-23 11:39:27 AM",".txt"
"V88.txt","C:\Users\User\Desktop\V88.txt","Attorney General","128.43 KB","2025-10-23 11:39:27 AM",".txt"
"V9.txt","C:\Users\User\Desktop\V9.txt","Crown Attorney","762.68 KB","2025-10-23 11:29:33 AM",".txt"
"V9.txt","C:\Users\User\Desktop\V9.txt","Prosecutor","762.68 KB","2025-10-23 11:29:33 AM",".txt"
"V9.txt","C:\Users\User\Desktop\V9.txt","Attorney General","762.68 KB","2025-10-23 11:29:33 AM",".txt"
"V9.txt","C:\Users\User\Desktop\V9.txt","Ministry of Attorney","762.68 KB","2025-10-23 11:29:33 AM",".txt"
"READABLE_EMERGENCY_FUNDING_REQUEST___IMMEDIATE_SHELTER_FOOD_COUNSELLING_FOR_WRONGFUL_PROSECUTION_VICTIM.eml.txt","C:\Users\User\Downloads\DECODED_EMAIL_EVIDENCE\01_DECODED_EMAILS\READABLE_EMERGENCY_FUNDING_REQUEST___IMMEDIATE_SHELTER_FOOD_COUNSELLING_FOR_WRONGFUL_PROSECUTION_VICTIM.eml.txt","Crown Attorney","666.36 KB","2025-10-26 6:14:18 PM",".txt"
"READABLE_EMERGENCY_FUNDING_REQUEST___IMMEDIATE_SHELTER_FOOD_COUNSELLING_FOR_WRONGFUL_PROSECUTION_VICTIM__1_.eml.txt","C:\Users\User\Downloads\DECODED_EMAIL_EVIDENCE\01_DECODED_EMAILS\READABLE_EMERGENCY_FUNDING_REQUEST___IMMEDIATE_SHELTER_FOOD_COUNSELLING_FOR_WRONGFUL_PROSECUTION_VICTIM__1_.eml.txt","Crown Attorney","666.79 KB","2025-10-26 6:14:18 PM",".txt"
"READABLE_EMERGENCY_FUNDING_REQUEST___IMMEDIATE_SHELTER_FOOD_COUNSELLING_FOR_WRONGFUL_PROSECUTION_VICTIM__2_.eml.txt","C:\Users\User\Downloads\DECODED_EMAIL_EVIDENCE\01_DECODED_EMAILS\READABLE_EMERGENCY_FUNDING_REQUEST___IMMEDIATE_SHELTER_FOOD_COUNSELLING_FOR_WRONGFUL_PROSECUTION_VICTIM__2_.eml.txt","Crown Attorney","667.47 KB","2025-10-26 6:14:18 PM",".txt"
"READABLE_Emergency_rent_funds_at_the_bottom.eml.txt","C:\Users\User\Downloads\DECODED_EMAIL_EVIDENCE\01_DECODED_EMAILS\READABLE_Emergency_rent_funds_at_the_bottom.eml.txt","Crown Attorney","45.46 KB","2025-10-26 6:14:18 PM",".txt"
"READABLE_Emergency_rent_funds_at_the_bottom.eml.txt","C:\Users\User\Downloads\DECODED_EMAIL_EVIDENCE\01_DECODED_EMAILS\READABLE_Emergency_rent_funds_at_the_bottom.eml.txt","Prosecutor","45.46 KB","2025-10-26 6:14:18 PM",".txt"
"READABLE_Emergency_rent_funds_at_the_bottom.eml.txt","C:\Users\User\Downloads\DECODED_EMAIL_EVIDENCE\01_DECODED_EMAILS\READABLE_Emergency_rent_funds_at_the_bottom.eml.txt","Criminal Division","45.46 KB","2025-10-26 6:14:18 PM",".txt"
"READABLE_original_msg.eml.txt","C:\Users\User\Downloads\DECODED_EMAIL_EVIDENCE\01_DECODED_EMAILS\READABLE_original_msg.eml.txt","Crown Attorney","53.94 KB","2025-10-26 6:14:20 PM",".txt"
"READABLE_original_msg.eml.txt","C:\Users\User\Downloads\DECODED_EMAIL_EVIDENCE\01_DECODED_EMAILS\READABLE_original_msg.eml.txt","Attorney General","53.94 KB","2025-10-26 6:14:20 PM",".txt"
"READABLE_R._v._Longo___Emergency_LAO_Certificate___Disbursements___OCJ_Windsor___Evidence_Attached__AGC_served_23_Sep_2025_21_34_.eml.txt","C:\Users\User\Downloads\DECODED_EMAIL_EVIDENCE\01_DECODED_EMAILS\READABLE_R._v._Longo___Emergency_LAO_Certificate___Disbursements___OCJ_Windsor___Evidence_Attached__AGC_served_23_Sep_2025_21_34_.eml.txt","Attorney General","11.33 KB","2025-10-26 6:14:21 PM",".txt"
"READABLE_R_v_Francesco_LONGO_1012001___Disclosure.eml.txt","C:\Users\User\Downloads\DECODED_EMAIL_EVIDENCE\01_DECODED_EMAILS\READABLE_R_v_Francesco_LONGO_1012001___Disclosure.eml.txt","Crown Attorney","24.25 KB","2025-10-26 6:14:20 PM",".txt"
"READABLE_R_v_Francesco_LONGO_1012001___Disclosure.eml.txt","C:\Users\User\Downloads\DECODED_EMAIL_EVIDENCE\01_DECODED_EMAILS\READABLE_R_v_Francesco_LONGO_1012001___Disclosure.eml.txt","Attorney General","24.25 KB","2025-10-26 6:14:20 PM",".txt"
"READABLE_Subject__R._v._Longo___URGENT_SERVICE_ON_AGC___Form_4F___Filed_OCJ_Windsor_23_Sep_2025_15_47__3_47_pm_.eml.txt","C:\Users\User\Downloads\DECODED_EMAIL_EVIDENCE\01_DECODED_EMAILS\READABLE_Subject__R._v._Longo___URGENT_SERVICE_ON_AGC___Form_4F___Filed_OCJ_Windsor_23_Sep_2025_15_47__3_47_pm_.eml.txt","Attorney General","1550.52 KB","2025-10-26 6:14:21 PM",".txt"
"READABLE_Subject__URGENT_DISCLOSURE_REQUEST___EVIDENCE_DEMANDS___R._v._Francesco_Longo__Court_File_21_845_.eml.txt","C:\Users\User\Downloads\DECODED_EMAIL_EVIDENCE\01_DECODED_EMAILS\READABLE_Subject__URGENT_DISCLOSURE_REQUEST___EVIDENCE_DEMANDS___R._v._Francesco_Longo__Court_File_21_845_.eml.txt","Crown Attorney","75.75 KB","2025-10-26 6:14:21 PM",".txt"
"READABLE_Subject__URGENT_DISCLOSURE_REQUEST___EVIDENCE_DEMANDS___R._v._Francesco_Longo__Court_File_21_845_.eml.txt","C:\Users\User\Downloads\DECODED_EMAIL_EVIDENCE\01_DECODED_EMAILS\READABLE_Subject__URGENT_DISCLOSURE_REQUEST___EVIDENCE_DEMANDS___R._v._Francesco_Longo__Court_File_21_845_.eml.txt","Prosecutor","75.75 KB","2025-10-26 6:14:21 PM",".txt"
"READABLE_Subject__URGENT__MANDATORY_DISCLOSURE_REQUEST___Case__21_845_Francesco_Longo.eml.txt","C:\Users\User\Downloads\DECODED_EMAIL_EVIDENCE\01_DECODED_EMAILS\READABLE_Subject__URGENT__MANDATORY_DISCLOSURE_REQUEST___Case__21_845_Francesco_Longo.eml.txt","Crown Attorney","20.23 KB","2025-10-26 6:14:21 PM",".txt"
"READABLE_Subject__URGENT__MANDATORY_DISCLOSURE_REQUEST___Case__21_845_Francesco_Longo__1_.eml.txt","C:\Users\User\Downloads\DECODED_EMAIL_EVIDENCE\01_DECODED_EMAILS\READABLE_Subject__URGENT__MANDATORY_DISCLOSURE_REQUEST___Case__21_845_Francesco_Longo__1_.eml.txt","Crown Attorney","20.23 KB","2025-10-26 6:14:21 PM",".txt"
"READABLE_Subject__URGENT__MANDATORY_DISCLOSURE_REQUEST___Case__21_845_Francesco_Longo__2_.eml.txt","C:\Users\User\Downloads\DECODED_EMAIL_EVIDENCE\01_DECODED_EMAILS\READABLE_Subject__URGENT__MANDATORY_DISCLOSURE_REQUEST___Case__21_845_Francesco_Longo__2_.eml.txt","Crown Attorney","21.35 KB","2025-10-26 6:14:21 PM",".txt"
"READABLE_Subject__URGENT__MANDATORY_DISCLOSURE_REQUEST___Case__21_845_Francesco_Longo__3_.eml.txt","C:\Users\User\Downloads\DECODED_EMAIL_EVIDENCE\01_DECODED_EMAILS\READABLE_Subject__URGENT__MANDATORY_DISCLOSURE_REQUEST___Case__21_845_Francesco_Longo__3_.eml.txt","Crown Attorney","20.23 KB","2025-10-26 6:14:21 PM",".txt"
"READABLE_Subject__URGENT__MANDATORY_DISCLOSURE_REQUEST___Case__21_845_Francesco_Longo__4_.eml.txt","C:\Users\User\Downloads\DECODED_EMAIL_EVIDENCE\01_DECODED_EMAILS\READABLE_Subject__URGENT__MANDATORY_DISCLOSURE_REQUEST___Case__21_845_Francesco_Longo__4_.eml.txt","Crown Attorney","20.23 KB","2025-10-26 6:14:21 PM",".txt"
"READABLE_Subject__URGENT__MANDATORY_DISCLOSURE_REQUEST___Case__21_845_Francesco_Longo__5_.eml.txt","C:\Users\User\Downloads\DECODED_EMAIL_EVIDENCE\01_DECODED_EMAILS\READABLE_Subject__URGENT__MANDATORY_DISCLOSURE_REQUEST___Case__21_845_Francesco_Longo__5_.eml.txt","Crown Attorney","20.23 KB","2025-10-26 6:14:21 PM",".txt"
"READABLE_Subject__URGENT__MANDATORY_DISCLOSURE_REQUEST___Case__21_845_Francesco_Longo__6_.eml.txt","C:\Users\User\Downloads\DECODED_EMAIL_EVIDENCE\01_DECODED_EMAILS\READABLE_Subject__URGENT__MANDATORY_DISCLOSURE_REQUEST___Case__21_845_Francesco_Longo__6_.eml.txt","Crown Attorney","20.23 KB","2025-10-26 6:14:21 PM",".txt"
"ANALYSIS_EMERGENCY_FUNDING_REQUEST___IMMEDIATE_SHELTER_FOOD_COUNSELLING_FOR_WRONGFUL_PROSECUTION_VICTIM.eml.txt","C:\Users\User\Downloads\DECODED_EMAIL_EVIDENCE\03_ANALYSIS_REPORTS\ANALYSIS_EMERGENCY_FUNDING_REQUEST___IMMEDIATE_SHELTER_FOOD_COUNSELLING_FOR_WRONGFUL_PROSECUTION_VICTIM.eml.txt","Crown Attorney","667.66 KB","2025-10-26 6:14:18 PM",".txt"
"ANALYSIS_EMERGENCY_FUNDING_REQUEST___IMMEDIATE_SHELTER_FOOD_COUNSELLING_FOR_WRONGFUL_PROSECUTION_VICTIM__1_.eml.txt","C:\Users\User\Downloads\DECODED_EMAIL_EVIDENCE\03_ANALYSIS_REPORTS\ANALYSIS_EMERGENCY_FUNDING_REQUEST___IMMEDIATE_SHELTER_FOOD_COUNSELLING_FOR_WRONGFUL_PROSECUTION_VICTIM__1_.eml.txt","Crown Attorney","668.1 KB","2025-10-26 6:14:18 PM",".txt"
"ANALYSIS_EMERGENCY_FUNDING_REQUEST___IMMEDIATE_SHELTER_FOOD_COUNSELLING_FOR_WRONGFUL_PROSECUTION_VICTIM__2_.eml.txt","C:\Users\User\Downloads\DECODED_EMAIL_EVIDENCE\03_ANALYSIS_REPORTS\ANALYSIS_EMERGENCY_FUNDING_REQUEST___IMMEDIATE_SHELTER_FOOD_COUNSELLING_FOR_WRONGFUL_PROSECUTION_VICTIM__2_.eml.txt","Crown Attorney","668.78 KB","2025-10-26 6:14:18 PM",".txt"
"ANALYSIS_Emergency_rent_funds_at_the_bottom.eml.txt","C:\Users\User\Downloads\DECODED_EMAIL_EVIDENCE\03_ANALYSIS_REPORTS\ANALYSIS_Emergency_rent_funds_at_the_bottom.eml.txt","Crown Attorney","46.7 KB","2025-10-26 6:14:18 PM",".txt"
"ANALYSIS_Emergency_rent_funds_at_the_bottom.eml.txt","C:\Users\User\Downloads\DECODED_EMAIL_EVIDENCE\03_ANALYSIS_REPORTS\ANALYSIS_Emergency_rent_funds_at_the_bottom.eml.txt","Prosecutor","46.7 KB","2025-10-26 6:14:18 PM",".txt"
"ANALYSIS_Emergency_rent_funds_at_the_bottom.eml.txt","C:\Users\User\Downloads\DECODED_EMAIL_EVIDENCE\03_ANALYSIS_REPORTS\ANALYSIS_Emergency_rent_funds_at_the_bottom.eml.txt","Criminal Division","46.7 KB","2025-10-26 6:14:18 PM",".txt"
"ANALYSIS_original_msg.eml.txt","C:\Users\User\Downloads\DECODED_EMAIL_EVIDENCE\03_ANALYSIS_REPORTS\ANALYSIS_original_msg.eml.txt","Crown Attorney","55.16 KB","2025-10-26 6:14:20 PM",".txt"
"ANALYSIS_original_msg.eml.txt","C:\Users\User\Downloads\DECODED_EMAIL_EVIDENCE\03_ANALYSIS_REPORTS\ANALYSIS_original_msg.eml.txt","Attorney General","55.16 KB","2025-10-26 6:14:20 PM",".txt"
"ANALYSIS_R._v._Longo___Emergency_LAO_Certificate___Disbursements___OCJ_Windsor___Evidence_Attached__AGC_served_23_Sep_2025_21_34_.eml.txt","C:\Users\User\Downloads\DECODED_EMAIL_EVIDENCE\03_ANALYSIS_REPORTS\ANALYSIS_R._v._Longo___Emergency_LAO_Certificate___Disbursements___OCJ_Windsor___Evidence_Attached__AGC_served_23_Sep_2025_21_34_.eml.txt","Attorney General","12.67 KB","2025-10-26 6:14:20 PM",".txt"
"ANALYSIS_R_v_Francesco_LONGO_1012001___Disclosure.eml.txt","C:\Users\User\Downloads\DECODED_EMAIL_EVIDENCE\03_ANALYSIS_REPORTS\ANALYSIS_R_v_Francesco_LONGO_1012001___Disclosure.eml.txt","Crown Attorney","25.5 KB","2025-10-26 6:14:20 PM",".txt"
"ANALYSIS_R_v_Francesco_LONGO_1012001___Disclosure.eml.txt","C:\Users\User\Downloads\DECODED_EMAIL_EVIDENCE\03_ANALYSIS_REPORTS\ANALYSIS_R_v_Francesco_LONGO_1012001___Disclosure.eml.txt","Attorney General","25.5 KB","2025-10-26 6:14:20 PM",".txt"
"ANALYSIS_Subject__R._v._Longo___URGENT_SERVICE_ON_AGC___Form_4F___Filed_OCJ_Windsor_23_Sep_2025_15_47__3_47_pm_.eml.txt","C:\Users\User\Downloads\DECODED_EMAIL_EVIDENCE\03_ANALYSIS_REPORTS\ANALYSIS_Subject__R._v._Longo___URGENT_SERVICE_ON_AGC___Form_4F___Filed_OCJ_Windsor_23_Sep_2025_15_47__3_47_pm_.eml.txt","Attorney General","1551.84 KB","2025-10-26 6:14:21 PM",".txt"
"ANALYSIS_Subject__URGENT_DISCLOSURE_REQUEST___EVIDENCE_DEMANDS___R._v._Francesco_Longo__Court_File_21_845_.eml.txt","C:\Users\User\Downloads\DECODED_EMAIL_EVIDENCE\03_ANALYSIS_REPORTS\ANALYSIS_Subject__URGENT_DISCLOSURE_REQUEST___EVIDENCE_DEMANDS___R._v._Francesco_Longo__Court_File_21_845_.eml.txt","Crown Attorney","77.05 KB","2025-10-26 6:14:21 PM",".txt"
"ANALYSIS_Subject__URGENT_DISCLOSURE_REQUEST___EVIDENCE_DEMANDS___R._v._Francesco_Longo__Court_File_21_845_.eml.txt","C:\Users\User\Downloads\DECODED_EMAIL_EVIDENCE\03_ANALYSIS_REPORTS\ANALYSIS_Subject__URGENT_DISCLOSURE_REQUEST___EVIDENCE_DEMANDS___R._v._Francesco_Longo__Court_File_21_845_.eml.txt","Prosecutor","77.05 KB","2025-10-26 6:14:21 PM",".txt"
"ANALYSIS_Subject__URGENT__MANDATORY_DISCLOSURE_REQUEST___Case__21_845_Francesco_Longo.eml.txt","C:\Users\User\Downloads\DECODED_EMAIL_EVIDENCE\03_ANALYSIS_REPORTS\ANALYSIS_Subject__URGENT__MANDATORY_DISCLOSURE_REQUEST___Case__21_845_Francesco_Longo.eml.txt","Crown Attorney","21.51 KB","2025-10-26 6:14:21 PM",".txt"
"ANALYSIS_Subject__URGENT__MANDATORY_DISCLOSURE_REQUEST___Case__21_845_Francesco_Longo__1_.eml.txt","C:\Users\User\Downloads\DECODED_EMAIL_EVIDENCE\03_ANALYSIS_REPORTS\ANALYSIS_Subject__URGENT__MANDATORY_DISCLOSURE_REQUEST___Case__21_845_Francesco_Longo__1_.eml.txt","Crown Attorney","21.51 KB","2025-10-26 6:14:21 PM",".txt"
"ANALYSIS_Subject__URGENT__MANDATORY_DISCLOSURE_REQUEST___Case__21_845_Francesco_Longo__2_.eml.txt","C:\Users\User\Downloads\DECODED_EMAIL_EVIDENCE\03_ANALYSIS_REPORTS\ANALYSIS_Subject__URGENT__MANDATORY_DISCLOSURE_REQUEST___Case__21_845_Francesco_Longo__2_.eml.txt","Crown Attorney","22.64 KB","2025-10-26 6:14:21 PM",".txt"
"ANALYSIS_Subject__URGENT__MANDATORY_DISCLOSURE_REQUEST___Case__21_845_Francesco_Longo__3_.eml.txt","C:\Users\User\Downloads\DECODED_EMAIL_EVIDENCE\03_ANALYSIS_REPORTS\ANALYSIS_Subject__URGENT__MANDATORY_DISCLOSURE_REQUEST___Case__21_845_Francesco_Longo__3_.eml.txt","Crown Attorney","21.51 KB","2025-10-26 6:14:21 PM",".txt"
"ANALYSIS_Subject__URGENT__MANDATORY_DISCLOSURE_REQUEST___Case__21_845_Francesco_Longo__4_.eml.txt","C:\Users\User\Downloads\DECODED_EMAIL_EVIDENCE\03_ANALYSIS_REPORTS\ANALYSIS_Subject__URGENT__MANDATORY_DISCLOSURE_REQUEST___Case__21_845_Francesco_Longo__4_.eml.txt","Crown Attorney","21.51 KB","2025-10-26 6:14:21 PM",".txt"
"ANALYSIS_Subject__URGENT__MANDATORY_DISCLOSURE_REQUEST___Case__21_845_Francesco_Longo__5_.eml.txt","C:\Users\User\Downloads\DECODED_EMAIL_EVIDENCE\03_ANALYSIS_REPORTS\ANALYSIS_Subject__URGENT__MANDATORY_DISCLOSURE_REQUEST___Case__21_845_Francesco_Longo__5_.eml.txt","Crown Attorney","21.51 KB","2025-10-26 6:14:21 PM",".txt"
"ANALYSIS_Subject__URGENT__MANDATORY_DISCLOSURE_REQUEST___Case__21_845_Francesco_Longo__6_.eml.txt","C:\Users\User\Downloads\DECODED_EMAIL_EVIDENCE\03_ANALYSIS_REPORTS\ANALYSIS_Subject__URGENT__MANDATORY_DISCLOSURE_REQUEST___Case__21_845_Francesco_Longo__6_.eml.txt","Crown Attorney","21.51 KB","2025-10-26 6:14:21 PM",".txt"
"DRAFT_ORDER_Interim_Preservation.txt","C:\Users\User\Downloads\FRANCESCO_LONGO_CASE_EVIDENCE\ACTUAL_FILED_MOTIONS\DRAFT_ORDER_Interim_Preservation.txt","Crown Attorney","3.62 KB","2025-10-19 12:25:37 AM",".txt"
"DRAFT_ORDER_Interim_Preservation.txt","C:\Users\User\Downloads\FRANCESCO_LONGO_CASE_EVIDENCE\ACTUAL_FILED_MOTIONS\DRAFT_ORDER_Interim_Preservation.txt","Attorney General","3.62 KB","2025-10-19 12:25:37 AM",".txt"
"DRAFT_ORDER_Interim_Preservation.txt","C:\Users\User\Downloads\FRANCESCO_LONGO_CASE_EVIDENCE\ACTUAL_FILED_MOTIONS\DRAFT_ORDER_Interim_Preservation.txt","Criminal Division","3.62 KB","2025-10-19 12:25:37 AM",".txt"
"FORM_4F_Constitutional_Question.txt","C:\Users\User\Downloads\FRANCESCO_LONGO_CASE_EVIDENCE\ACTUAL_FILED_MOTIONS\FORM_4F_Constitutional_Question.txt","Attorney General","7.14 KB","2025-10-19 12:25:37 AM",".txt"
"MOTION_001_Abridgment_Preservation.txt","C:\Users\User\Downloads\FRANCESCO_LONGO_CASE_EVIDENCE\ACTUAL_FILED_MOTIONS\MOTION_001_Abridgment_Preservation.txt","Crown Attorney","7.81 KB","2025-10-19 12:25:37 AM",".txt"
"MOTION_001_Abridgment_Preservation.txt","C:\Users\User\Downloads\FRANCESCO_LONGO_CASE_EVIDENCE\ACTUAL_FILED_MOTIONS\MOTION_001_Abridgment_Preservation.txt","Attorney General","7.81 KB","2025-10-19 12:25:37 AM",".txt"
"MOTION_001_Abridgment_Preservation_Sept23_2025.txt","C:\Users\User\Downloads\FRANCESCO_LONGO_CASE_EVIDENCE\ACTUAL_FILED_MOTIONS\MOTION_001_Abridgment_Preservation_Sept23_2025.txt","Crown Attorney","6.73 KB","2025-10-19 12:24:01 AM",".txt"
"MOTION_001_Abridgment_Preservation_Sept23_2025.txt","C:\Users\User\Downloads\FRANCESCO_LONGO_CASE_EVIDENCE\ACTUAL_FILED_MOTIONS\MOTION_001_Abridgment_Preservation_Sept23_2025.txt","Attorney General","6.73 KB","2025-10-19 12:24:01 AM",".txt"
"GROK_X_AI_COMPLETE_SUMMARY.txt","C:\Users\User\Downloads\FRANCESCO_LONGO_CASE_EVIDENCE\GROK_X_AI_COMPLETE_SUMMARY.txt","Crown Attorney","1.75 KB","2025-10-19 12:25:59 AM",".txt"
"GROK_X_AI_SUMMARY.txt","C:\Users\User\Downloads\FRANCESCO_LONGO_CASE_EVIDENCE\GROK_X_AI_SUMMARY.txt","Crown Attorney","1.42 KB","2025-10-19 12:24:30 AM",".txt"
"DOC GS FULL CONVERSATION OF EVENTS.txt","C:\Users\User\Downloads\Hash Command Tracking for Disclosure Chain - DeepSeek_files\DOC GS FULL CONVERSATION OF EVENTS.txt","Crown Attorney","15619.01 KB","2025-10-18 10:28:06 PM",".txt"
"DOC GS FULL CONVERSATION OF EVENTS.txt","C:\Users\User\Downloads\Hash Command Tracking for Disclosure Chain - DeepSeek_files\DOC GS FULL CONVERSATION OF EVENTS.txt","Crown Counsel","15619.01 KB","2025-10-18 10:28:06 PM",".txt"
"DOC GS FULL CONVERSATION OF EVENTS.txt","C:\Users\User\Downloads\Hash Command Tracking for Disclosure Chain - DeepSeek_files\DOC GS FULL CONVERSATION OF EVENTS.txt","Prosecutor","15619.01 KB","2025-10-18 10:28:06 PM",".txt"
"DOC GS FULL CONVERSATION OF EVENTS.txt","C:\Users\User\Downloads\Hash Command Tracking for Disclosure Chain - DeepSeek_files\DOC GS FULL CONVERSATION OF EVENTS.txt","Attorney General","15619.01 KB","2025-10-18 10:28:06 PM",".txt"
"DOC GS FULL CONVERSATION OF EVENTS.txt","C:\Users\User\Downloads\Hash Command Tracking for Disclosure Chain - DeepSeek_files\DOC GS FULL CONVERSATION OF EVENTS.txt","Ministry of Attorney","15619.01 KB","2025-10-18 10:28:06 PM",".txt"
"DOC GS FULL CONVERSATION OF EVENTS.txt","C:\Users\User\Downloads\Hash Command Tracking for Disclosure Chain - DeepSeek_files\DOC GS FULL CONVERSATION OF EVENTS.txt","Crown Law","15619.01 KB","2025-10-18 10:28:06 PM",".txt"
"MICROSOFT_SERVICES_ANALYSIS.txt","C:\Users\User\Downloads\LONGO_CASE_MASTER\EMAIL_EVIDENCE_HUB_20251018_175215\06_MICROSOFT_EVIDENCE\MICROSOFT_SERVICES_ANALYSIS.txt","Crown Attorney","1.1 KB","2025-10-18 5:52:23 PM",".txt"
"MICROSOFT_SERVICES_ANALYSIS.txt","C:\Users\User\Downloads\LONGO_CASE_MASTER\EMAIL_EVIDENCE_HUB_20251018_175215\MICROSOFT_SERVICES_ANALYSIS.txt","Crown Attorney","1.1 KB","2025-10-18 5:52:23 PM",".txt"
"MASTER_COMPLAINT.txt","C:\Users\User\Downloads\LONGO_EVIDENCE_PACKAGE\1_LEGAL_COMPLAINTS\MASTER_COMPLAINT.txt","Crown Attorney","3.29 KB","2025-10-26 5:57:56 PM",".txt"
"MASTER_COMPLAINT.txt","C:\Users\User\Downloads\LONGO_EVIDENCE_PACKAGE\1_LEGAL_COMPLAINTS\MASTER_COMPLAINT.txt","Prosecutor","3.29 KB","2025-10-26 5:57:56 PM",".txt"
"EMERGENCY_FUNDING_REQUEST___IMMEDIATE_SHELTER_FOOD_COUNSELLING_FOR_WRONGFUL_PROSECUTION_VICTIM.eml","C:\Users\User\Downloads\LONGO_EVIDENCE_PACKAGE\2_CRITICAL_EMAILS\EMERGENCY_FUNDING_REQUEST___IMMEDIATE_SHELTER_FOOD_COUNSELLING_FOR_WRONGFUL_PROSECUTION_VICTIM.eml","Crown Attorney","666.35 KB","2025-10-15 5:44:54 PM",".eml"
"EMERGENCY_FUNDING_REQUEST___IMMEDIATE_SHELTER_FOOD_COUNSELLING_FOR_WRONGFUL_PROSECUTION_VICTIM__1_.eml","C:\Users\User\Downloads\LONGO_EVIDENCE_PACKAGE\2_CRITICAL_EMAILS\EMERGENCY_FUNDING_REQUEST___IMMEDIATE_SHELTER_FOOD_COUNSELLING_FOR_WRONGFUL_PROSECUTION_VICTIM__1_.eml","Crown Attorney","666.79 KB","2025-10-15 5:44:52 PM",".eml"
"EMERGENCY_FUNDING_REQUEST___IMMEDIATE_SHELTER_FOOD_COUNSELLING_FOR_WRONGFUL_PROSECUTION_VICTIM__2_.eml","C:\Users\User\Downloads\LONGO_EVIDENCE_PACKAGE\2_CRITICAL_EMAILS\EMERGENCY_FUNDING_REQUEST___IMMEDIATE_SHELTER_FOOD_COUNSELLING_FOR_WRONGFUL_PROSECUTION_VICTIM__2_.eml","Crown Attorney","667.47 KB","2025-10-15 5:44:30 PM",".eml"
"Emergency_rent_funds_at_the_bottom.eml","C:\Users\User\Downloads\LONGO_EVIDENCE_PACKAGE\2_CRITICAL_EMAILS\Emergency_rent_funds_at_the_bottom.eml","Crown Attorney","45.45 KB","2025-10-15 5:44:27 PM",".eml"
"Emergency_rent_funds_at_the_bottom.eml","C:\Users\User\Downloads\LONGO_EVIDENCE_PACKAGE\2_CRITICAL_EMAILS\Emergency_rent_funds_at_the_bottom.eml","Prosecutor","45.45 KB","2025-10-15 5:44:27 PM",".eml"
"Emergency_rent_funds_at_the_bottom.eml","C:\Users\User\Downloads\LONGO_EVIDENCE_PACKAGE\2_CRITICAL_EMAILS\Emergency_rent_funds_at_the_bottom.eml","Criminal Division","45.45 KB","2025-10-15 5:44:27 PM",".eml"
"original_msg.eml","C:\Users\User\Downloads\LONGO_EVIDENCE_PACKAGE\2_CRITICAL_EMAILS\original_msg.eml","Crown Attorney","53.94 KB","2025-09-26 8:36:34 PM",".eml"
"original_msg.eml","C:\Users\User\Downloads\LONGO_EVIDENCE_PACKAGE\2_CRITICAL_EMAILS\original_msg.eml","Attorney General","53.94 KB","2025-09-26 8:36:34 PM",".eml"
"R._v._Longo___Emergency_LAO_Certificate___Disbursements___OCJ_Windsor___Evidence_Attached__AGC_served_23_Sep_2025_21_34_.eml","C:\Users\User\Downloads\LONGO_EVIDENCE_PACKAGE\2_CRITICAL_EMAILS\R._v._Longo___Emergency_LAO_Certificate___Disbursements___OCJ_Windsor___Evidence_Attached__AGC_served_23_Sep_2025_21_34_.eml","Attorney General","11.33 KB","2025-09-23 10:12:24 PM",".eml"
"R_v_Francesco_LONGO_1012001_-_Disclosure.eml","C:\Users\User\Downloads\LONGO_EVIDENCE_PACKAGE\2_CRITICAL_EMAILS\R_v_Francesco_LONGO_1012001_-_Disclosure.eml","Crown Attorney","24.25 KB","2025-10-15 6:37:14 PM",".eml"
"R_v_Francesco_LONGO_1012001_-_Disclosure.eml","C:\Users\User\Downloads\LONGO_EVIDENCE_PACKAGE\2_CRITICAL_EMAILS\R_v_Francesco_LONGO_1012001_-_Disclosure.eml","Attorney General","24.25 KB","2025-10-15 6:37:14 PM",".eml"
"Subject__R._v._Longo___URGENT_SERVICE_ON_AGC___Form_4F___Filed_OCJ_Windsor_23_Sep_2025_15_47__3_47_pm_.eml","C:\Users\User\Downloads\LONGO_EVIDENCE_PACKAGE\2_CRITICAL_EMAILS\Subject__R._v._Longo___URGENT_SERVICE_ON_AGC___Form_4F___Filed_OCJ_Windsor_23_Sep_2025_15_47__3_47_pm_.eml","Attorney General","1550.51 KB","2025-10-19 8:57:12 AM",".eml"
"Subject__URGENT_DISCLOSURE_REQUEST___EVIDENCE_DEMANDS_-_R._v._Francesco_Longo__Court_File_21-845_.eml","C:\Users\User\Downloads\LONGO_EVIDENCE_PACKAGE\2_CRITICAL_EMAILS\Subject__URGENT_DISCLOSURE_REQUEST___EVIDENCE_DEMANDS_-_R._v._Francesco_Longo__Court_File_21-845_.eml","Crown Attorney","75.74 KB","2025-09-26 8:32:44 PM",".eml"
"Subject__URGENT_DISCLOSURE_REQUEST___EVIDENCE_DEMANDS_-_R._v._Francesco_Longo__Court_File_21-845_.eml","C:\Users\User\Downloads\LONGO_EVIDENCE_PACKAGE\2_CRITICAL_EMAILS\Subject__URGENT_DISCLOSURE_REQUEST___EVIDENCE_DEMANDS_-_R._v._Francesco_Longo__Court_File_21-845_.eml","Prosecutor","75.74 KB","2025-09-26 8:32:44 PM",".eml"
"Subject__URGENT__MANDATORY_DISCLOSURE_REQUEST_-_Case__21-845_Francesco_Longo.eml","C:\Users\User\Downloads\LONGO_EVIDENCE_PACKAGE\2_CRITICAL_EMAILS\Subject__URGENT__MANDATORY_DISCLOSURE_REQUEST_-_Case__21-845_Francesco_Longo.eml","Crown Attorney","20.22 KB","2025-10-13 7:23:01 PM",".eml"
"Subject__URGENT__MANDATORY_DISCLOSURE_REQUEST_-_Case__21-845_Francesco_Longo__1_.eml","C:\Users\User\Downloads\LONGO_EVIDENCE_PACKAGE\2_CRITICAL_EMAILS\Subject__URGENT__MANDATORY_DISCLOSURE_REQUEST_-_Case__21-845_Francesco_Longo__1_.eml","Crown Attorney","20.22 KB","2025-10-13 7:23:01 PM",".eml"
"Subject__URGENT__MANDATORY_DISCLOSURE_REQUEST_-_Case__21-845_Francesco_Longo__2_.eml","C:\Users\User\Downloads\LONGO_EVIDENCE_PACKAGE\2_CRITICAL_EMAILS\Subject__URGENT__MANDATORY_DISCLOSURE_REQUEST_-_Case__21-845_Francesco_Longo__2_.eml","Crown Attorney","21.35 KB","2025-10-13 7:25:10 PM",".eml"
"Subject__URGENT__MANDATORY_DISCLOSURE_REQUEST_-_Case__21-845_Francesco_Longo__3_.eml","C:\Users\User\Downloads\LONGO_EVIDENCE_PACKAGE\2_CRITICAL_EMAILS\Subject__URGENT__MANDATORY_DISCLOSURE_REQUEST_-_Case__21-845_Francesco_Longo__3_.eml","Crown Attorney","20.22 KB","2025-10-13 7:47:58 PM",".eml"
"Subject__URGENT__MANDATORY_DISCLOSURE_REQUEST_-_Case__21-845_Francesco_Longo__4_.eml","C:\Users\User\Downloads\LONGO_EVIDENCE_PACKAGE\2_CRITICAL_EMAILS\Subject__URGENT__MANDATORY_DISCLOSURE_REQUEST_-_Case__21-845_Francesco_Longo__4_.eml","Crown Attorney","20.22 KB","2025-10-15 5:24:34 PM",".eml"
"Subject__URGENT__MANDATORY_DISCLOSURE_REQUEST_-_Case__21-845_Francesco_Longo__5_.eml","C:\Users\User\Downloads\LONGO_EVIDENCE_PACKAGE\2_CRITICAL_EMAILS\Subject__URGENT__MANDATORY_DISCLOSURE_REQUEST_-_Case__21-845_Francesco_Longo__5_.eml","Crown Attorney","20.22 KB","2025-10-15 5:44:23 PM",".eml"
"Subject__URGENT__MANDATORY_DISCLOSURE_REQUEST_-_Case__21-845_Francesco_Longo__6_.eml","C:\Users\User\Downloads\LONGO_EVIDENCE_PACKAGE\2_CRITICAL_EMAILS\Subject__URGENT__MANDATORY_DISCLOSURE_REQUEST_-_Case__21-845_Francesco_Longo__6_.eml","Crown Attorney","20.22 KB","2025-10-15 5:44:23 PM",".eml"
"IMMEDIATE_ACTION.txt","C:\Users\User\Downloads\LONGO_EVIDENCE_PACKAGE\4_DEPLOY\IMMEDIATE_ACTION.txt","Crown Attorney","1.9 KB","2025-10-26 5:58:33 PM",".txt"
"URGENT_MASTER_CRIMINAL_COMPLAINT.txt","C:\Users\User\Downloads\Longo_Evidence_Package_20251026_173405\01_LEGAL_COMPLAINTS\URGENT_MASTER_CRIMINAL_COMPLAINT.txt","Crown Attorney","7.34 KB","2025-10-26 5:34:23 PM",".txt"
"URGENT_MASTER_CRIMINAL_COMPLAINT.txt","C:\Users\User\Downloads\Longo_Evidence_Package_20251026_173405\01_LEGAL_COMPLAINTS\URGENT_MASTER_CRIMINAL_COMPLAINT.txt","Prosecutor","7.34 KB","2025-10-26 5:34:23 PM",".txt"
"EMAIL_Emergency rent funds at the bottom.txt","C:\Users\User\Downloads\Longo_Evidence_Package_20251026_173405\02_CRITICAL_EMAILS\EMAIL_Emergency rent funds at the bottom.txt","Criminal Division","2.47 KB","2025-10-26 5:34:41 PM",".txt"
"EMAIL_R. v. Longo ? Emergency LAO Certificate + Disbursements ? OCJ Windsor ? Evidence Attached (AGC served 23?Sep?2025 21_34).txt","C:\Users\User\Downloads\Longo_Evidence_Package_20251026_173405\02_CRITICAL_EMAILS\EMAIL_R. v. Longo ? Emergency LAO Certificate + Disbursements ? OCJ Windsor ? Evidence Attached (AGC served 23?Sep?2025 21_34).txt","Attorney General","2.75 KB","2025-10-26 5:34:41 PM",".txt"
"EMAIL_Subject_ R. v. Longo ? URGENT SERVICE ON AGC ? Form 4F ? Filed OCJ Windsor 23?Sep?2025 15_47 (3_47 pm).txt","C:\Users\User\Downloads\Longo_Evidence_Package_20251026_173405\02_CRITICAL_EMAILS\EMAIL_Subject_ R. v. Longo ? URGENT SERVICE ON AGC ? Form 4F ? Filed OCJ Windsor 23?Sep?2025 15_47 (3_47 pm).txt","Attorney General","2.7 KB","2025-10-26 5:34:41 PM",".txt"
"EMAIL_Subject_ URGENT DISCLOSURE REQUEST & EVIDENCE DEMANDS - R. v. Francesco Longo (Court File 21-845).txt","C:\Users\User\Downloads\Longo_Evidence_Package_20251026_173405\02_CRITICAL_EMAILS\EMAIL_Subject_ URGENT DISCLOSURE REQUEST & EVIDENCE DEMANDS - R. v. Francesco Longo (Court File 21-845).txt","Crown Attorney","2.65 KB","2025-10-26 5:34:41 PM",".txt"
"EMAIL_Subject_ URGENT_ MANDATORY DISCLOSURE REQUEST - Case #21-845 Francesco Longo (1).txt","C:\Users\User\Downloads\Longo_Evidence_Package_20251026_173405\02_CRITICAL_EMAILS\EMAIL_Subject_ URGENT_ MANDATORY DISCLOSURE REQUEST - Case #21-845 Francesco Longo (1).txt","Crown Attorney","2.6 KB","2025-10-26 5:34:41 PM",".txt"
"EMAIL_Subject_ URGENT_ MANDATORY DISCLOSURE REQUEST - Case #21-845 Francesco Longo (2).txt","C:\Users\User\Downloads\Longo_Evidence_Package_20251026_173405\02_CRITICAL_EMAILS\EMAIL_Subject_ URGENT_ MANDATORY DISCLOSURE REQUEST - Case #21-845 Francesco Longo (2).txt","Crown Attorney","2.6 KB","2025-10-26 5:34:41 PM",".txt"
"EMAIL_Subject_ URGENT_ MANDATORY DISCLOSURE REQUEST - Case #21-845 Francesco Longo (3).txt","C:\Users\User\Downloads\Longo_Evidence_Package_20251026_173405\02_CRITICAL_EMAILS\EMAIL_Subject_ URGENT_ MANDATORY DISCLOSURE REQUEST - Case #21-845 Francesco Longo (3).txt","Crown Attorney","2.6 KB","2025-10-26 5:34:41 PM",".txt"
"EMAIL_Subject_ URGENT_ MANDATORY DISCLOSURE REQUEST - Case #21-845 Francesco Longo (4).txt","C:\Users\User\Downloads\Longo_Evidence_Package_20251026_173405\02_CRITICAL_EMAILS\EMAIL_Subject_ URGENT_ MANDATORY DISCLOSURE REQUEST - Case #21-845 Francesco Longo (4).txt","Crown Attorney","2.6 KB","2025-10-26 5:34:41 PM",".txt"
"EMAIL_Subject_ URGENT_ MANDATORY DISCLOSURE REQUEST - Case #21-845 Francesco Longo (5).txt","C:\Users\User\Downloads\Longo_Evidence_Package_20251026_173405\02_CRITICAL_EMAILS\EMAIL_Subject_ URGENT_ MANDATORY DISCLOSURE REQUEST - Case #21-845 Francesco Longo (5).txt","Crown Attorney","2.6 KB","2025-10-26 5:34:41 PM",".txt"
"EMAIL_Subject_ URGENT_ MANDATORY DISCLOSURE REQUEST - Case #21-845 Francesco Longo (6).txt","C:\Users\User\Downloads\Longo_Evidence_Package_20251026_173405\02_CRITICAL_EMAILS\EMAIL_Subject_ URGENT_ MANDATORY DISCLOSURE REQUEST - Case #21-845 Francesco Longo (6).txt","Crown Attorney","2.6 KB","2025-10-26 5:34:41 PM",".txt"
"EMAIL_Subject_ URGENT_ MANDATORY DISCLOSURE REQUEST - Case #21-845 Francesco Longo.txt","C:\Users\User\Downloads\Longo_Evidence_Package_20251026_173405\02_CRITICAL_EMAILS\EMAIL_Subject_ URGENT_ MANDATORY DISCLOSURE REQUEST - Case #21-845 Francesco Longo.txt","Crown Attorney","2.59 KB","2025-10-26 5:34:41 PM",".txt"
"EMERGENCY FUNDING REQUEST ? IMMEDIATE SHELTER_FOOD_COUNSELLING FOR WRONGFUL PROSECUTION VICTIM (1).eml","C:\Users\User\Downloads\Longo_Evidence_Package_20251026_173405\02_CRITICAL_EMAILS\EMERGENCY FUNDING REQUEST ? IMMEDIATE SHELTER_FOOD_COUNSELLING FOR WRONGFUL PROSECUTION VICTIM (1).eml","Crown Attorney","666.79 KB","2025-10-15 5:44:52 PM",".eml"
"EMERGENCY FUNDING REQUEST ? IMMEDIATE SHELTER_FOOD_COUNSELLING FOR WRONGFUL PROSECUTION VICTIM (2).eml","C:\Users\User\Downloads\Longo_Evidence_Package_20251026_173405\02_CRITICAL_EMAILS\EMERGENCY FUNDING REQUEST ? IMMEDIATE SHELTER_FOOD_COUNSELLING FOR WRONGFUL PROSECUTION VICTIM (2).eml","Crown Attorney","667.47 KB","2025-10-15 5:44:30 PM",".eml"
"EMERGENCY FUNDING REQUEST ? IMMEDIATE SHELTER_FOOD_COUNSELLING FOR WRONGFUL PROSECUTION VICTIM.eml","C:\Users\User\Downloads\Longo_Evidence_Package_20251026_173405\02_CRITICAL_EMAILS\EMERGENCY FUNDING REQUEST ? IMMEDIATE SHELTER_FOOD_COUNSELLING FOR WRONGFUL PROSECUTION VICTIM.eml","Crown Attorney","666.35 KB","2025-10-15 5:44:54 PM",".eml"
"Emergency rent funds at the bottom.eml","C:\Users\User\Downloads\Longo_Evidence_Package_20251026_173405\02_CRITICAL_EMAILS\Emergency rent funds at the bottom.eml","Crown Attorney","45.45 KB","2025-10-15 5:44:27 PM",".eml"
"Emergency rent funds at the bottom.eml","C:\Users\User\Downloads\Longo_Evidence_Package_20251026_173405\02_CRITICAL_EMAILS\Emergency rent funds at the bottom.eml","Prosecutor","45.45 KB","2025-10-15 5:44:27 PM",".eml"
"Emergency rent funds at the bottom.eml","C:\Users\User\Downloads\Longo_Evidence_Package_20251026_173405\02_CRITICAL_EMAILS\Emergency rent funds at the bottom.eml","Criminal Division","45.45 KB","2025-10-15 5:44:27 PM",".eml"
"R. v. Longo ? Emergency LAO Certificate + Disbursements ? OCJ Windsor ? Evidence Attached (AGC served 23?Sep?2025 21_34).eml","C:\Users\User\Downloads\Longo_Evidence_Package_20251026_173405\02_CRITICAL_EMAILS\R. v. Longo ? Emergency LAO Certificate + Disbursements ? OCJ Windsor ? Evidence Attached (AGC served 23?Sep?2025 21_34).eml","Attorney General","11.33 KB","2025-09-23 10:12:24 PM",".eml"
"Subject_ R. v. Longo ? URGENT SERVICE ON AGC ? Form 4F ? Filed OCJ Windsor 23?Sep?2025 15_47 (3_47 pm).eml","C:\Users\User\Downloads\Longo_Evidence_Package_20251026_173405\02_CRITICAL_EMAILS\Subject_ R. v. Longo ? URGENT SERVICE ON AGC ? Form 4F ? Filed OCJ Windsor 23?Sep?2025 15_47 (3_47 pm).eml","Attorney General","1550.51 KB","2025-10-19 8:57:12 AM",".eml"
"Subject_ URGENT DISCLOSURE REQUEST & EVIDENCE DEMANDS - R. v. Francesco Longo (Court File 21-845).eml","C:\Users\User\Downloads\Longo_Evidence_Package_20251026_173405\02_CRITICAL_EMAILS\Subject_ URGENT DISCLOSURE REQUEST & EVIDENCE DEMANDS - R. v. Francesco Longo (Court File 21-845).eml","Crown Attorney","75.74 KB","2025-09-26 8:32:44 PM",".eml"
"Subject_ URGENT DISCLOSURE REQUEST & EVIDENCE DEMANDS - R. v. Francesco Longo (Court File 21-845).eml","C:\Users\User\Downloads\Longo_Evidence_Package_20251026_173405\02_CRITICAL_EMAILS\Subject_ URGENT DISCLOSURE REQUEST & EVIDENCE DEMANDS - R. v. Francesco Longo (Court File 21-845).eml","Prosecutor","75.74 KB","2025-09-26 8:32:44 PM",".eml"
"Subject_ URGENT_ MANDATORY DISCLOSURE REQUEST - Case #21-845 Francesco Longo (1).eml","C:\Users\User\Downloads\Longo_Evidence_Package_20251026_173405\02_CRITICAL_EMAILS\Subject_ URGENT_ MANDATORY DISCLOSURE REQUEST - Case #21-845 Francesco Longo (1).eml","Crown Attorney","20.22 KB","2025-10-13 7:23:01 PM",".eml"
"Subject_ URGENT_ MANDATORY DISCLOSURE REQUEST - Case #21-845 Francesco Longo (2).eml","C:\Users\User\Downloads\Longo_Evidence_Package_20251026_173405\02_CRITICAL_EMAILS\Subject_ URGENT_ MANDATORY DISCLOSURE REQUEST - Case #21-845 Francesco Longo (2).eml","Crown Attorney","21.35 KB","2025-10-13 7:25:10 PM",".eml"
"Subject_ URGENT_ MANDATORY DISCLOSURE REQUEST - Case #21-845 Francesco Longo (3).eml","C:\Users\User\Downloads\Longo_Evidence_Package_20251026_173405\02_CRITICAL_EMAILS\Subject_ URGENT_ MANDATORY DISCLOSURE REQUEST - Case #21-845 Francesco Longo (3).eml","Crown Attorney","20.22 KB","2025-10-13 7:47:58 PM",".eml"
"Subject_ URGENT_ MANDATORY DISCLOSURE REQUEST - Case #21-845 Francesco Longo (4).eml","C:\Users\User\Downloads\Longo_Evidence_Package_20251026_173405\02_CRITICAL_EMAILS\Subject_ URGENT_ MANDATORY DISCLOSURE REQUEST - Case #21-845 Francesco Longo (4).eml","Crown Attorney","20.22 KB","2025-10-15 5:24:34 PM",".eml"
"Subject_ URGENT_ MANDATORY DISCLOSURE REQUEST - Case #21-845 Francesco Longo (5).eml","C:\Users\User\Downloads\Longo_Evidence_Package_20251026_173405\02_CRITICAL_EMAILS\Subject_ URGENT_ MANDATORY DISCLOSURE REQUEST - Case #21-845 Francesco Longo (5).eml","Crown Attorney","20.22 KB","2025-10-15 5:44:23 PM",".eml"
"Subject_ URGENT_ MANDATORY DISCLOSURE REQUEST - Case #21-845 Francesco Longo (6).eml","C:\Users\User\Downloads\Longo_Evidence_Package_20251026_173405\02_CRITICAL_EMAILS\Subject_ URGENT_ MANDATORY DISCLOSURE REQUEST - Case #21-845 Francesco Longo (6).eml","Crown Attorney","20.22 KB","2025-10-15 5:44:23 PM",".eml"
"Subject_ URGENT_ MANDATORY DISCLOSURE REQUEST - Case #21-845 Francesco Longo.eml","C:\Users\User\Downloads\Longo_Evidence_Package_20251026_173405\02_CRITICAL_EMAILS\Subject_ URGENT_ MANDATORY DISCLOSURE REQUEST - Case #21-845 Francesco Longo.eml","Crown Attorney","20.22 KB","2025-10-13 7:23:01 PM",".eml"
"ONE_CLICK_DEPLOYMENT_GUIDE.txt","C:\Users\User\Downloads\Longo_Evidence_Package_20251026_173405\ONE_CLICK_DEPLOYMENT_GUIDE.txt","Crown Attorney","6.2 KB","2025-10-26 5:35:30 PM",".txt"
"URGENT_MASTER_CRIMINAL_COMPLAINT.txt","C:\Users\User\Downloads\Longo_Evidence_Package_20251026_173733\01_LEGAL_COMPLAINTS\URGENT_MASTER_CRIMINAL_COMPLAINT.txt","Crown Attorney","7.34 KB","2025-10-26 5:37:50 PM",".txt"
"URGENT_MASTER_CRIMINAL_COMPLAINT.txt","C:\Users\User\Downloads\Longo_Evidence_Package_20251026_173733\01_LEGAL_COMPLAINTS\URGENT_MASTER_CRIMINAL_COMPLAINT.txt","Prosecutor","7.34 KB","2025-10-26 5:37:50 PM",".txt"
"EMAIL_Emergency rent funds at the bottom.txt","C:\Users\User\Downloads\Longo_Evidence_Package_20251026_173733\02_CRITICAL_EMAILS\EMAIL_Emergency rent funds at the bottom.txt","Criminal Division","2.47 KB","2025-10-26 5:37:58 PM",".txt"
"EMAIL_R. v. Longo ? Emergency LAO Certificate + Disbursements ? OCJ Windsor ? Evidence Attached (AGC served 23?Sep?2025 21_34).txt","C:\Users\User\Downloads\Longo_Evidence_Package_20251026_173733\02_CRITICAL_EMAILS\EMAIL_R. v. Longo ? Emergency LAO Certificate + Disbursements ? OCJ Windsor ? Evidence Attached (AGC served 23?Sep?2025 21_34).txt","Attorney General","2.75 KB","2025-10-26 5:37:59 PM",".txt"
"EMAIL_Subject_ R. v. Longo ? URGENT SERVICE ON AGC ? Form 4F ? Filed OCJ Windsor 23?Sep?2025 15_47 (3_47 pm).txt","C:\Users\User\Downloads\Longo_Evidence_Package_20251026_173733\02_CRITICAL_EMAILS\EMAIL_Subject_ R. v. Longo ? URGENT SERVICE ON AGC ? Form 4F ? Filed OCJ Windsor 23?Sep?2025 15_47 (3_47 pm).txt","Attorney General","2.7 KB","2025-10-26 5:37:59 PM",".txt"
"EMAIL_Subject_ URGENT DISCLOSURE REQUEST & EVIDENCE DEMANDS - R. v. Francesco Longo (Court File 21-845).txt","C:\Users\User\Downloads\Longo_Evidence_Package_20251026_173733\02_CRITICAL_EMAILS\EMAIL_Subject_ URGENT DISCLOSURE REQUEST & EVIDENCE DEMANDS - R. v. Francesco Longo (Court File 21-845).txt","Crown Attorney","2.65 KB","2025-10-26 5:37:59 PM",".txt"
"EMAIL_Subject_ URGENT_ MANDATORY DISCLOSURE REQUEST - Case #21-845 Francesco Longo (1).txt","C:\Users\User\Downloads\Longo_Evidence_Package_20251026_173733\02_CRITICAL_EMAILS\EMAIL_Subject_ URGENT_ MANDATORY DISCLOSURE REQUEST - Case #21-845 Francesco Longo (1).txt","Crown Attorney","2.6 KB","2025-10-26 5:37:59 PM",".txt"
"EMAIL_Subject_ URGENT_ MANDATORY DISCLOSURE REQUEST - Case #21-845 Francesco Longo (2).txt","C:\Users\User\Downloads\Longo_Evidence_Package_20251026_173733\02_CRITICAL_EMAILS\EMAIL_Subject_ URGENT_ MANDATORY DISCLOSURE REQUEST - Case #21-845 Francesco Longo (2).txt","Crown Attorney","2.6 KB","2025-10-26 5:37:59 PM",".txt"
"EMAIL_Subject_ URGENT_ MANDATORY DISCLOSURE REQUEST - Case #21-845 Francesco Longo (3).txt","C:\Users\User\Downloads\Longo_Evidence_Package_20251026_173733\02_CRITICAL_EMAILS\EMAIL_Subject_ URGENT_ MANDATORY DISCLOSURE REQUEST - Case #21-845 Francesco Longo (3).txt","Crown Attorney","2.6 KB","2025-10-26 5:37:59 PM",".txt"
"EMAIL_Subject_ URGENT_ MANDATORY DISCLOSURE REQUEST - Case #21-845 Francesco Longo (4).txt","C:\Users\User\Downloads\Longo_Evidence_Package_20251026_173733\02_CRITICAL_EMAILS\EMAIL_Subject_ URGENT_ MANDATORY DISCLOSURE REQUEST - Case #21-845 Francesco Longo (4).txt","Crown Attorney","2.6 KB","2025-10-26 5:37:59 PM",".txt"
"EMAIL_Subject_ URGENT_ MANDATORY DISCLOSURE REQUEST - Case #21-845 Francesco Longo (5).txt","C:\Users\User\Downloads\Longo_Evidence_Package_20251026_173733\02_CRITICAL_EMAILS\EMAIL_Subject_ URGENT_ MANDATORY DISCLOSURE REQUEST - Case #21-845 Francesco Longo (5).txt","Crown Attorney","2.6 KB","2025-10-26 5:37:59 PM",".txt"
"EMAIL_Subject_ URGENT_ MANDATORY DISCLOSURE REQUEST - Case #21-845 Francesco Longo (6).txt","C:\Users\User\Downloads\Longo_Evidence_Package_20251026_173733\02_CRITICAL_EMAILS\EMAIL_Subject_ URGENT_ MANDATORY DISCLOSURE REQUEST - Case #21-845 Francesco Longo (6).txt","Crown Attorney","2.6 KB","2025-10-26 5:37:59 PM",".txt"
"EMAIL_Subject_ URGENT_ MANDATORY DISCLOSURE REQUEST - Case #21-845 Francesco Longo.txt","C:\Users\User\Downloads\Longo_Evidence_Package_20251026_173733\02_CRITICAL_EMAILS\EMAIL_Subject_ URGENT_ MANDATORY DISCLOSURE REQUEST - Case #21-845 Francesco Longo.txt","Crown Attorney","2.59 KB","2025-10-26 5:37:59 PM",".txt"
"EMERGENCY FUNDING REQUEST ? IMMEDIATE SHELTER_FOOD_COUNSELLING FOR WRONGFUL PROSECUTION VICTIM (1).eml","C:\Users\User\Downloads\Longo_Evidence_Package_20251026_173733\02_CRITICAL_EMAILS\EMERGENCY FUNDING REQUEST ? IMMEDIATE SHELTER_FOOD_COUNSELLING FOR WRONGFUL PROSECUTION VICTIM (1).eml","Crown Attorney","666.79 KB","2025-10-15 5:44:52 PM",".eml"
"EMERGENCY FUNDING REQUEST ? IMMEDIATE SHELTER_FOOD_COUNSELLING FOR WRONGFUL PROSECUTION VICTIM (2).eml","C:\Users\User\Downloads\Longo_Evidence_Package_20251026_173733\02_CRITICAL_EMAILS\EMERGENCY FUNDING REQUEST ? IMMEDIATE SHELTER_FOOD_COUNSELLING FOR WRONGFUL PROSECUTION VICTIM (2).eml","Crown Attorney","667.47 KB","2025-10-15 5:44:30 PM",".eml"
"EMERGENCY FUNDING REQUEST ? IMMEDIATE SHELTER_FOOD_COUNSELLING FOR WRONGFUL PROSECUTION VICTIM.eml","C:\Users\User\Downloads\Longo_Evidence_Package_20251026_173733\02_CRITICAL_EMAILS\EMERGENCY FUNDING REQUEST ? IMMEDIATE SHELTER_FOOD_COUNSELLING FOR WRONGFUL PROSECUTION VICTIM.eml","Crown Attorney","666.35 KB","2025-10-15 5:44:54 PM",".eml"
"Emergency rent funds at the bottom.eml","C:\Users\User\Downloads\Longo_Evidence_Package_20251026_173733\02_CRITICAL_EMAILS\Emergency rent funds at the bottom.eml","Crown Attorney","45.45 KB","2025-10-15 5:44:27 PM",".eml"
"Emergency rent funds at the bottom.eml","C:\Users\User\Downloads\Longo_Evidence_Package_20251026_173733\02_CRITICAL_EMAILS\Emergency rent funds at the bottom.eml","Prosecutor","45.45 KB","2025-10-15 5:44:27 PM",".eml"
"Emergency rent funds at the bottom.eml","C:\Users\User\Downloads\Longo_Evidence_Package_20251026_173733\02_CRITICAL_EMAILS\Emergency rent funds at the bottom.eml","Criminal Division","45.45 KB","2025-10-15 5:44:27 PM",".eml"
"R. v. Longo ? Emergency LAO Certificate + Disbursements ? OCJ Windsor ? Evidence Attached (AGC served 23?Sep?2025 21_34).eml","C:\Users\User\Downloads\Longo_Evidence_Package_20251026_173733\02_CRITICAL_EMAILS\R. v. Longo ? Emergency LAO Certificate + Disbursements ? OCJ Windsor ? Evidence Attached (AGC served 23?Sep?2025 21_34).eml","Attorney General","11.33 KB","2025-09-23 10:12:24 PM",".eml"
"Subject_ R. v. Longo ? URGENT SERVICE ON AGC ? Form 4F ? Filed OCJ Windsor 23?Sep?2025 15_47 (3_47 pm).eml","C:\Users\User\Downloads\Longo_Evidence_Package_20251026_173733\02_CRITICAL_EMAILS\Subject_ R. v. Longo ? URGENT SERVICE ON AGC ? Form 4F ? Filed OCJ Windsor 23?Sep?2025 15_47 (3_47 pm).eml","Attorney General","1550.51 KB","2025-10-19 8:57:12 AM",".eml"
"Subject_ URGENT DISCLOSURE REQUEST & EVIDENCE DEMANDS - R. v. Francesco Longo (Court File 21-845).eml","C:\Users\User\Downloads\Longo_Evidence_Package_20251026_173733\02_CRITICAL_EMAILS\Subject_ URGENT DISCLOSURE REQUEST & EVIDENCE DEMANDS - R. v. Francesco Longo (Court File 21-845).eml","Crown Attorney","75.74 KB","2025-09-26 8:32:44 PM",".eml"
"Subject_ URGENT DISCLOSURE REQUEST & EVIDENCE DEMANDS - R. v. Francesco Longo (Court File 21-845).eml","C:\Users\User\Downloads\Longo_Evidence_Package_20251026_173733\02_CRITICAL_EMAILS\Subject_ URGENT DISCLOSURE REQUEST & EVIDENCE DEMANDS - R. v. Francesco Longo (Court File 21-845).eml","Prosecutor","75.74 KB","2025-09-26 8:32:44 PM",".eml"
"Subject_ URGENT_ MANDATORY DISCLOSURE REQUEST - Case #21-845 Francesco Longo (1).eml","C:\Users\User\Downloads\Longo_Evidence_Package_20251026_173733\02_CRITICAL_EMAILS\Subject_ URGENT_ MANDATORY DISCLOSURE REQUEST - Case #21-845 Francesco Longo (1).eml","Crown Attorney","20.22 KB","2025-10-13 7:23:01 PM",".eml"
"Subject_ URGENT_ MANDATORY DISCLOSURE REQUEST - Case #21-845 Francesco Longo (2).eml","C:\Users\User\Downloads\Longo_Evidence_Package_20251026_173733\02_CRITICAL_EMAILS\Subject_ URGENT_ MANDATORY DISCLOSURE REQUEST - Case #21-845 Francesco Longo (2).eml","Crown Attorney","21.35 KB","2025-10-13 7:25:10 PM",".eml"
"Subject_ URGENT_ MANDATORY DISCLOSURE REQUEST - Case #21-845 Francesco Longo (3).eml","C:\Users\User\Downloads\Longo_Evidence_Package_20251026_173733\02_CRITICAL_EMAILS\Subject_ URGENT_ MANDATORY DISCLOSURE REQUEST - Case #21-845 Francesco Longo (3).eml","Crown Attorney","20.22 KB","2025-10-13 7:47:58 PM",".eml"
"Subject_ URGENT_ MANDATORY DISCLOSURE REQUEST - Case #21-845 Francesco Longo (4).eml","C:\Users\User\Downloads\Longo_Evidence_Package_20251026_173733\02_CRITICAL_EMAILS\Subject_ URGENT_ MANDATORY DISCLOSURE REQUEST - Case #21-845 Francesco Longo (4).eml","Crown Attorney","20.22 KB","2025-10-15 5:24:34 PM",".eml"
"Subject_ URGENT_ MANDATORY DISCLOSURE REQUEST - Case #21-845 Francesco Longo (5).eml","C:\Users\User\Downloads\Longo_Evidence_Package_20251026_173733\02_CRITICAL_EMAILS\Subject_ URGENT_ MANDATORY DISCLOSURE REQUEST - Case #21-845 Francesco Longo (5).eml","Crown Attorney","20.22 KB","2025-10-15 5:44:23 PM",".eml"
"Subject_ URGENT_ MANDATORY DISCLOSURE REQUEST - Case #21-845 Francesco Longo (6).eml","C:\Users\User\Downloads\Longo_Evidence_Package_20251026_173733\02_CRITICAL_EMAILS\Subject_ URGENT_ MANDATORY DISCLOSURE REQUEST - Case #21-845 Francesco Longo (6).eml","Crown Attorney","20.22 KB","2025-10-15 5:44:23 PM",".eml"
"Subject_ URGENT_ MANDATORY DISCLOSURE REQUEST - Case #21-845 Francesco Longo.eml","C:\Users\User\Downloads\Longo_Evidence_Package_20251026_173733\02_CRITICAL_EMAILS\Subject_ URGENT_ MANDATORY DISCLOSURE REQUEST - Case #21-845 Francesco Longo.eml","Crown Attorney","20.22 KB","2025-10-13 7:23:01 PM",".eml"
"MASTER_CRIMINAL_COMPLAINT_WITH_EVIDENCE.txt","C:\Users\User\Downloads\LONGO_EVIDENCE_PDF_PACKAGE\01_LEGAL_COMPLAINTS_PDF\MASTER_CRIMINAL_COMPLAINT_WITH_EVIDENCE.txt","Crown Attorney","8.09 KB","2025-10-26 6:04:49 PM",".txt"
"MASTER_CRIMINAL_COMPLAINT_WITH_EVIDENCE.txt","C:\Users\User\Downloads\LONGO_EVIDENCE_PDF_PACKAGE\01_LEGAL_COMPLAINTS_PDF\MASTER_CRIMINAL_COMPLAINT_WITH_EVIDENCE.txt","Prosecutor","8.09 KB","2025-10-26 6:04:49 PM",".txt"
"EMAIL_EMERGENCY_FUNDING_REQUEST___IMMEDIATE_SHELTER_FOOD_COUNSELLING_FOR_WRONGFUL_PROSECUTION_VICTIM.eml.txt","C:\Users\User\Downloads\LONGO_EVIDENCE_PDF_PACKAGE\02_EMAILS_PDF\EMAIL_EMERGENCY_FUNDING_REQUEST___IMMEDIATE_SHELTER_FOOD_COUNSELLING_FOR_WRONGFUL_PROSECUTION_VICTIM.eml.txt","Crown Attorney","666.99 KB","2025-10-26 6:05:02 PM",".txt"
"EMAIL_EMERGENCY_FUNDING_REQUEST___IMMEDIATE_SHELTER_FOOD_COUNSELLING_FOR_WRONGFUL_PROSECUTION_VICTIM__1_.eml.txt","C:\Users\User\Downloads\LONGO_EVIDENCE_PDF_PACKAGE\02_EMAILS_PDF\EMAIL_EMERGENCY_FUNDING_REQUEST___IMMEDIATE_SHELTER_FOOD_COUNSELLING_FOR_WRONGFUL_PROSECUTION_VICTIM__1_.eml.txt","Crown Attorney","667.43 KB","2025-10-26 6:05:02 PM",".txt"
"EMAIL_EMERGENCY_FUNDING_REQUEST___IMMEDIATE_SHELTER_FOOD_COUNSELLING_FOR_WRONGFUL_PROSECUTION_VICTIM__2_.eml.txt","C:\Users\User\Downloads\LONGO_EVIDENCE_PDF_PACKAGE\02_EMAILS_PDF\EMAIL_EMERGENCY_FUNDING_REQUEST___IMMEDIATE_SHELTER_FOOD_COUNSELLING_FOR_WRONGFUL_PROSECUTION_VICTIM__2_.eml.txt","Crown Attorney","668.11 KB","2025-10-26 6:05:02 PM",".txt"
"EMAIL_Emergency_rent_funds_at_the_bottom.eml.txt","C:\Users\User\Downloads\LONGO_EVIDENCE_PDF_PACKAGE\02_EMAILS_PDF\EMAIL_Emergency_rent_funds_at_the_bottom.eml.txt","Crown Attorney","45.96 KB","2025-10-26 6:05:02 PM",".txt"
"EMAIL_Emergency_rent_funds_at_the_bottom.eml.txt","C:\Users\User\Downloads\LONGO_EVIDENCE_PDF_PACKAGE\02_EMAILS_PDF\EMAIL_Emergency_rent_funds_at_the_bottom.eml.txt","Prosecutor","45.96 KB","2025-10-26 6:05:02 PM",".txt"
"EMAIL_Emergency_rent_funds_at_the_bottom.eml.txt","C:\Users\User\Downloads\LONGO_EVIDENCE_PDF_PACKAGE\02_EMAILS_PDF\EMAIL_Emergency_rent_funds_at_the_bottom.eml.txt","Criminal Division","45.96 KB","2025-10-26 6:05:02 PM",".txt"
"EMAIL_original_msg.eml.txt","C:\Users\User\Downloads\LONGO_EVIDENCE_PDF_PACKAGE\02_EMAILS_PDF\EMAIL_original_msg.eml.txt","Crown Attorney","54.4 KB","2025-10-26 6:05:03 PM",".txt"
"EMAIL_original_msg.eml.txt","C:\Users\User\Downloads\LONGO_EVIDENCE_PDF_PACKAGE\02_EMAILS_PDF\EMAIL_original_msg.eml.txt","Attorney General","54.4 KB","2025-10-26 6:05:03 PM",".txt"
"EMAIL_R._v._Longo___Emergency_LAO_Certificate___Disbursements___OCJ_Windsor___Evidence_Attached__AGC_served_23_Sep_2025_21_34_.eml.txt","C:\Users\User\Downloads\LONGO_EVIDENCE_PDF_PACKAGE\02_EMAILS_PDF\EMAIL_R._v._Longo___Emergency_LAO_Certificate___Disbursements___OCJ_Windsor___Evidence_Attached__AGC_served_23_Sep_2025_21_34_.eml.txt","Attorney General","12.03 KB","2025-10-26 6:05:03 PM",".txt"
"EMAIL_R_v_Francesco_LONGO_1012001___Disclosure.eml.txt","C:\Users\User\Downloads\LONGO_EVIDENCE_PDF_PACKAGE\02_EMAILS_PDF\EMAIL_R_v_Francesco_LONGO_1012001___Disclosure.eml.txt","Crown Attorney","24.76 KB","2025-10-26 6:05:03 PM",".txt"
"EMAIL_R_v_Francesco_LONGO_1012001___Disclosure.eml.txt","C:\Users\User\Downloads\LONGO_EVIDENCE_PDF_PACKAGE\02_EMAILS_PDF\EMAIL_R_v_Francesco_LONGO_1012001___Disclosure.eml.txt","Attorney General","24.76 KB","2025-10-26 6:05:03 PM",".txt"
"EMAIL_Subject__R._v._Longo___URGENT_SERVICE_ON_AGC___Form_4F___Filed_OCJ_Windsor_23_Sep_2025_15_47__3_47_pm_.eml.txt","C:\Users\User\Downloads\LONGO_EVIDENCE_PDF_PACKAGE\02_EMAILS_PDF\EMAIL_Subject__R._v._Longo___URGENT_SERVICE_ON_AGC___Form_4F___Filed_OCJ_Windsor_23_Sep_2025_15_47__3_47_pm_.eml.txt","Attorney General","1551.18 KB","2025-10-26 6:05:03 PM",".txt"
"EMAIL_Subject__URGENT_DISCLOSURE_REQUEST___EVIDENCE_DEMANDS___R._v._Francesco_Longo__Court_File_21_845_.eml.txt","C:\Users\User\Downloads\LONGO_EVIDENCE_PDF_PACKAGE\02_EMAILS_PDF\EMAIL_Subject__URGENT_DISCLOSURE_REQUEST___EVIDENCE_DEMANDS___R._v._Francesco_Longo__Court_File_21_845_.eml.txt","Crown Attorney","76.38 KB","2025-10-26 6:05:03 PM",".txt"
"EMAIL_Subject__URGENT_DISCLOSURE_REQUEST___EVIDENCE_DEMANDS___R._v._Francesco_Longo__Court_File_21_845_.eml.txt","C:\Users\User\Downloads\LONGO_EVIDENCE_PDF_PACKAGE\02_EMAILS_PDF\EMAIL_Subject__URGENT_DISCLOSURE_REQUEST___EVIDENCE_DEMANDS___R._v._Francesco_Longo__Court_File_21_845_.eml.txt","Prosecutor","76.38 KB","2025-10-26 6:05:03 PM",".txt"
"EMAIL_Subject__URGENT__MANDATORY_DISCLOSURE_REQUEST___Case__21_845_Francesco_Longo.eml.txt","C:\Users\User\Downloads\LONGO_EVIDENCE_PDF_PACKAGE\02_EMAILS_PDF\EMAIL_Subject__URGENT__MANDATORY_DISCLOSURE_REQUEST___Case__21_845_Francesco_Longo.eml.txt","Crown Attorney","20.82 KB","2025-10-26 6:05:03 PM",".txt"
"EMAIL_Subject__URGENT__MANDATORY_DISCLOSURE_REQUEST___Case__21_845_Francesco_Longo__1_.eml.txt","C:\Users\User\Downloads\LONGO_EVIDENCE_PDF_PACKAGE\02_EMAILS_PDF\EMAIL_Subject__URGENT__MANDATORY_DISCLOSURE_REQUEST___Case__21_845_Francesco_Longo__1_.eml.txt","Crown Attorney","20.82 KB","2025-10-26 6:05:03 PM",".txt"
"EMAIL_Subject__URGENT__MANDATORY_DISCLOSURE_REQUEST___Case__21_845_Francesco_Longo__2_.eml.txt","C:\Users\User\Downloads\LONGO_EVIDENCE_PDF_PACKAGE\02_EMAILS_PDF\EMAIL_Subject__URGENT__MANDATORY_DISCLOSURE_REQUEST___Case__21_845_Francesco_Longo__2_.eml.txt","Crown Attorney","21.95 KB","2025-10-26 6:05:03 PM",".txt"
"EMAIL_Subject__URGENT__MANDATORY_DISCLOSURE_REQUEST___Case__21_845_Francesco_Longo__3_.eml.txt","C:\Users\User\Downloads\LONGO_EVIDENCE_PDF_PACKAGE\02_EMAILS_PDF\EMAIL_Subject__URGENT__MANDATORY_DISCLOSURE_REQUEST___Case__21_845_Francesco_Longo__3_.eml.txt","Crown Attorney","20.82 KB","2025-10-26 6:05:03 PM",".txt"
"EMAIL_Subject__URGENT__MANDATORY_DISCLOSURE_REQUEST___Case__21_845_Francesco_Longo__4_.eml.txt","C:\Users\User\Downloads\LONGO_EVIDENCE_PDF_PACKAGE\02_EMAILS_PDF\EMAIL_Subject__URGENT__MANDATORY_DISCLOSURE_REQUEST___Case__21_845_Francesco_Longo__4_.eml.txt","Crown Attorney","20.82 KB","2025-10-26 6:05:03 PM",".txt"
"EMAIL_Subject__URGENT__MANDATORY_DISCLOSURE_REQUEST___Case__21_845_Francesco_Longo__5_.eml.txt","C:\Users\User\Downloads\LONGO_EVIDENCE_PDF_PACKAGE\02_EMAILS_PDF\EMAIL_Subject__URGENT__MANDATORY_DISCLOSURE_REQUEST___Case__21_845_Francesco_Longo__5_.eml.txt","Crown Attorney","20.82 KB","2025-10-26 6:05:03 PM",".txt"
"EMAIL_Subject__URGENT__MANDATORY_DISCLOSURE_REQUEST___Case__21_845_Francesco_Longo__6_.eml.txt","C:\Users\User\Downloads\LONGO_EVIDENCE_PDF_PACKAGE\02_EMAILS_PDF\EMAIL_Subject__URGENT__MANDATORY_DISCLOSURE_REQUEST___Case__21_845_Francesco_Longo__6_.eml.txt","Crown Attorney","20.82 KB","2025-10-26 6:05:03 PM",".txt"
"ULTIMATE_DEPLOYMENT_GUIDE.txt","C:\Users\User\Downloads\LONGO_EVIDENCE_PDF_PACKAGE\ULTIMATE_DEPLOYMENT_GUIDE.txt","Crown Attorney","6.54 KB","2025-10-26 6:05:42 PM",".txt"
"ULTIMATE_DEPLOYMENT_GUIDE.txt","C:\Users\User\Downloads\LONGO_EVIDENCE_PDF_PACKAGE\ULTIMATE_DEPLOYMENT_GUIDE.txt","Prosecutor","6.54 KB","2025-10-26 6:05:42 PM",".txt"
"2ND.txt","C:\Users\User\Downloads\2ND.txt","Attorney General","66.13 KB","2025-10-10 8:46:19 PM",".txt"
"3RD.txt","C:\Users\User\Downloads\3RD.txt","Crown Attorney","2422.48 KB","2025-10-10 9:08:40 PM",".txt"
"3RD.txt","C:\Users\User\Downloads\3RD.txt","Crown Counsel","2422.48 KB","2025-10-10 9:08:40 PM",".txt"
"3RD.txt","C:\Users\User\Downloads\3RD.txt","Prosecutor","2422.48 KB","2025-10-10 9:08:40 PM",".txt"
"3RD.txt","C:\Users\User\Downloads\3RD.txt","Attorney General","2422.48 KB","2025-10-10 9:08:40 PM",".txt"
"3RD.txt","C:\Users\User\Downloads\3RD.txt","Ministry of Attorney","2422.48 KB","2025-10-10 9:08:40 PM",".txt"
"3RD.txt","C:\Users\User\Downloads\3RD.txt","Crown Law","2422.48 KB","2025-10-10 9:08:40 PM",".txt"
"3RD.txt","C:\Users\User\Downloads\3RD.txt","Criminal Division","2422.48 KB","2025-10-10 9:08:40 PM",".txt"
"911 text extra all.txt","C:\Users\User\Downloads\911 text extra all.txt","Prosecutor","4072.29 KB","2025-10-24 9:57:30 AM",".txt"
"911 voice text conversion_memo (1).txt","C:\Users\User\Downloads\911 voice text conversion_memo (1).txt","Prosecutor","22.79 KB","2025-10-15 8:10:13 PM",".txt"
"911 voice text conversion_memo.txt","C:\Users\User\Downloads\911 voice text conversion_memo.txt","Prosecutor","22.79 KB","2025-10-13 10:05:16 AM",".txt"
"ALANA CROW FUCK UP (1).txt","C:\Users\User\Downloads\ALANA CROW FUCK UP (1).txt","Crown Attorney","441.54 KB","2025-10-22 12:49:27 AM",".txt"
"ALANA CROW FUCK UP (1).txt","C:\Users\User\Downloads\ALANA CROW FUCK UP (1).txt","Crown Counsel","441.54 KB","2025-10-22 12:49:27 AM",".txt"
"ALANA CROW FUCK UP (1).txt","C:\Users\User\Downloads\ALANA CROW FUCK UP (1).txt","Prosecutor","441.54 KB","2025-10-22 12:49:27 AM",".txt"
"ALANA CROW FUCK UP (1).txt","C:\Users\User\Downloads\ALANA CROW FUCK UP (1).txt","Attorney General","441.54 KB","2025-10-22 12:49:27 AM",".txt"
"ALANA CROW FUCK UP (1).txt","C:\Users\User\Downloads\ALANA CROW FUCK UP (1).txt","Crown Law","441.54 KB","2025-10-22 12:49:27 AM",".txt"
"ALANA CROW FUCK UP.txt","C:\Users\User\Downloads\ALANA CROW FUCK UP.txt","Crown Attorney","441.54 KB","2025-10-20 7:05:50 AM",".txt"
"ALANA CROW FUCK UP.txt","C:\Users\User\Downloads\ALANA CROW FUCK UP.txt","Crown Counsel","441.54 KB","2025-10-20 7:05:50 AM",".txt"
"ALANA CROW FUCK UP.txt","C:\Users\User\Downloads\ALANA CROW FUCK UP.txt","Prosecutor","441.54 KB","2025-10-20 7:05:50 AM",".txt"
"ALANA CROW FUCK UP.txt","C:\Users\User\Downloads\ALANA CROW FUCK UP.txt","Attorney General","441.54 KB","2025-10-20 7:05:50 AM",".txt"
"ALANA CROW FUCK UP.txt","C:\Users\User\Downloads\ALANA CROW FUCK UP.txt","Crown Law","441.54 KB","2025-10-20 7:05:50 AM",".txt"
"ALL ORIGINAL GMAIL CROWN.txt","C:\Users\User\Downloads\ALL ORIGINAL GMAIL CROWN.txt","Crown Attorney","1839.36 KB","2025-10-15 6:50:20 PM",".txt"
"ALL ORIGINAL GMAIL CROWN.txt","C:\Users\User\Downloads\ALL ORIGINAL GMAIL CROWN.txt","Prosecutor","1839.36 KB","2025-10-15 6:50:20 PM",".txt"
"ALL ORIGINAL GMAIL CROWN.txt","C:\Users\User\Downloads\ALL ORIGINAL GMAIL CROWN.txt","Attorney General","1839.36 KB","2025-10-15 6:50:20 PM",".txt"
"ALL ORIGINAL GMAIL CROWN.txt","C:\Users\User\Downloads\ALL ORIGINAL GMAIL CROWN.txt","Criminal Division","1839.36 KB","2025-10-15 6:50:20 PM",".txt"
"ATTORNEY GENERAL CONSPIRACY - FINAL SETTLEMENT TERMS.pdf","C:\Users\User\Downloads\ATTORNEY GENERAL CONSPIRACY - FINAL SETTLEMENT TERMS.pdf","Attorney General","8235.46 KB","2025-10-28 2:21:32 PM",".pdf"
"briskaudioclip1.txt","C:\Users\User\Downloads\briskaudioclip1.txt","Crown Attorney","19.53 KB","2025-10-14 6:02:22 AM",".txt"
"briskaudioclip4.txt","C:\Users\User\Downloads\briskaudioclip4.txt","Prosecutor","13.09 KB","2025-10-14 6:06:52 AM",".txt"
"CHARGES CLASSIFICATIONS ORGANIZE.txt","C:\Users\User\Downloads\CHARGES CLASSIFICATIONS ORGANIZE.txt","Crown Attorney","75.71 KB","2025-10-06 8:27:56 AM",".txt"
"CHARGES CLASSIFICATIONS ORGANIZE.txt","C:\Users\User\Downloads\CHARGES CLASSIFICATIONS ORGANIZE.txt","Prosecutor","75.71 KB","2025-10-06 8:27:56 AM",".txt"
"CHARGES CLASSIFICATIONS ORGANIZE.txt","C:\Users\User\Downloads\CHARGES CLASSIFICATIONS ORGANIZE.txt","Attorney General","75.71 KB","2025-10-06 8:27:56 AM",".txt"
"Court questions with judge vs Crown_memo_memo (1).txt","C:\Users\User\Downloads\Court questions with judge vs Crown_memo_memo (1).txt","Crown Attorney","23.98 KB","2025-10-20 5:55:20 AM",".txt"
"Court questions with judge vs Crown_memo_memo (1).txt","C:\Users\User\Downloads\Court questions with judge vs Crown_memo_memo (1).txt","Crown Law","23.98 KB","2025-10-20 5:55:20 AM",".txt"
"Court questions with judge vs Crown_memo_memo (2).txt","C:\Users\User\Downloads\Court questions with judge vs Crown_memo_memo (2).txt","Crown Attorney","23.98 KB","2025-10-22 12:50:37 AM",".txt"
"Court questions with judge vs Crown_memo_memo (2).txt","C:\Users\User\Downloads\Court questions with judge vs Crown_memo_memo (2).txt","Crown Law","23.98 KB","2025-10-22 12:50:37 AM",".txt"
"Court questions with judge vs Crown_memo_memo.txt","C:\Users\User\Downloads\Court questions with judge vs Crown_memo_memo.txt","Crown Attorney","23.98 KB","2025-10-15 8:10:25 PM",".txt"
"Court questions with judge vs Crown_memo_memo.txt","C:\Users\User\Downloads\Court questions with judge vs Crown_memo_memo.txt","Crown Law","23.98 KB","2025-10-15 8:10:25 PM",".txt"
"DeepSeek_2025-10-01_LegalAidTrap.txt","C:\Users\User\Downloads\DeepSeek_2025-10-01_LegalAidTrap.txt","Crown Attorney","1102.79 KB","2025-10-10 8:27:02 PM",".txt"
"DeepSeek_2025-10-01_LegalAidTrap.txt","C:\Users\User\Downloads\DeepSeek_2025-10-01_LegalAidTrap.txt","Attorney General","1102.79 KB","2025-10-10 8:27:02 PM",".txt"
"DOC GS FULL CONVERSATION OF EVENTS.txt","C:\Users\User\Downloads\DOC GS FULL CONVERSATION OF EVENTS.txt","Crown Attorney","15619.01 KB","2025-10-18 10:32:39 PM",".txt"
"DOC GS FULL CONVERSATION OF EVENTS.txt","C:\Users\User\Downloads\DOC GS FULL CONVERSATION OF EVENTS.txt","Crown Counsel","15619.01 KB","2025-10-18 10:32:39 PM",".txt"
"DOC GS FULL CONVERSATION OF EVENTS.txt","C:\Users\User\Downloads\DOC GS FULL CONVERSATION OF EVENTS.txt","Prosecutor","15619.01 KB","2025-10-18 10:32:39 PM",".txt"
"DOC GS FULL CONVERSATION OF EVENTS.txt","C:\Users\User\Downloads\DOC GS FULL CONVERSATION OF EVENTS.txt","Attorney General","15619.01 KB","2025-10-18 10:32:39 PM",".txt"
"DOC GS FULL CONVERSATION OF EVENTS.txt","C:\Users\User\Downloads\DOC GS FULL CONVERSATION OF EVENTS.txt","Ministry of Attorney","15619.01 KB","2025-10-18 10:32:39 PM",".txt"
"DOC GS FULL CONVERSATION OF EVENTS.txt","C:\Users\User\Downloads\DOC GS FULL CONVERSATION OF EVENTS.txt","Crown Law","15619.01 KB","2025-10-18 10:32:39 PM",".txt"
"DOSS NEEDS TO BE SPECIFIC NO SHORT CUTS FILE.txt","C:\Users\User\Downloads\DOSS NEEDS TO BE SPECIFIC NO SHORT CUTS FILE.txt","Crown Attorney","512.92 KB","2025-10-04 5:35:14 PM",".txt"
"DOSS NEEDS TO BE SPECIFIC NO SHORT CUTS FILE.txt","C:\Users\User\Downloads\DOSS NEEDS TO BE SPECIFIC NO SHORT CUTS FILE.txt","Prosecutor","512.92 KB","2025-10-04 5:35:14 PM",".txt"
"DOSS NEEDS TO BE SPECIFIC NO SHORT CUTS FILE.txt","C:\Users\User\Downloads\DOSS NEEDS TO BE SPECIFIC NO SHORT CUTS FILE.txt","Attorney General","512.92 KB","2025-10-04 5:35:14 PM",".txt"
"EMERGENCY FUNDING REQUEST ? IMMEDIATE SHELTER_FOOD_COUNSELLING FOR WRONGFUL PROSECUTION VICTIM (1).eml","C:\Users\User\Downloads\EMERGENCY FUNDING REQUEST ? IMMEDIATE SHELTER_FOOD_COUNSELLING FOR WRONGFUL PROSECUTION VICTIM (1).eml","Crown Attorney","666.79 KB","2025-10-15 5:44:52 PM",".eml"
"EMERGENCY FUNDING REQUEST ? IMMEDIATE SHELTER_FOOD_COUNSELLING FOR WRONGFUL PROSECUTION VICTIM (2).eml","C:\Users\User\Downloads\EMERGENCY FUNDING REQUEST ? IMMEDIATE SHELTER_FOOD_COUNSELLING FOR WRONGFUL PROSECUTION VICTIM (2).eml","Crown Attorney","667.47 KB","2025-10-15 5:44:30 PM",".eml"
"EMERGENCY FUNDING REQUEST ? IMMEDIATE SHELTER_FOOD_COUNSELLING FOR WRONGFUL PROSECUTION VICTIM.eml","C:\Users\User\Downloads\EMERGENCY FUNDING REQUEST ? IMMEDIATE SHELTER_FOOD_COUNSELLING FOR WRONGFUL PROSECUTION VICTIM.eml","Crown Attorney","666.35 KB","2025-10-15 5:44:54 PM",".eml"
"Emergency rent funds at the bottom.eml","C:\Users\User\Downloads\Emergency rent funds at the bottom.eml","Crown Attorney","45.45 KB","2025-10-15 5:44:27 PM",".eml"
"Emergency rent funds at the bottom.eml","C:\Users\User\Downloads\Emergency rent funds at the bottom.eml","Prosecutor","45.45 KB","2025-10-15 5:44:27 PM",".eml"
"Emergency rent funds at the bottom.eml","C:\Users\User\Downloads\Emergency rent funds at the bottom.eml","Criminal Division","45.45 KB","2025-10-15 5:44:27 PM",".eml"
"FIRST.txt","C:\Users\User\Downloads\FIRST.txt","Crown Attorney","236.26 KB","2025-10-10 8:44:11 PM",".txt"
"FIRST.txt","C:\Users\User\Downloads\FIRST.txt","Attorney General","236.26 KB","2025-10-10 8:44:11 PM",".txt"
"Francesco, the EMAIL BLOCKING is actually ADDITIONAL PROOF of the conspiracy! Document this as EVIDENCE #301-310_ Evidence #301_ Government email blocking of corruption reports Evidence #302_ Coordinated technologic.eml","C:\Users\User\Downloads\Francesco, the EMAIL BLOCKING is actually ADDITIONAL PROOF of the conspiracy! Document this as EVIDENCE #301-310_ Evidence #301_ Government email blocking of corruption reports Evidence #302_ Coordinated technologic.eml","Attorney General","451.07 KB","2025-10-16 3:07:33 AM",".eml"
"genspark paste conversation  disclosure (1).txt","C:\Users\User\Downloads\genspark paste conversation  disclosure (1).txt","Crown Attorney","382.13 KB","2025-10-03 9:09:02 PM",".txt"
"genspark paste conversation  disclosure (1).txt","C:\Users\User\Downloads\genspark paste conversation  disclosure (1).txt","Prosecutor","382.13 KB","2025-10-03 9:09:02 PM",".txt"
"genspark paste conversation  disclosure (1).txt","C:\Users\User\Downloads\genspark paste conversation  disclosure (1).txt","Criminal Division","382.13 KB","2025-10-03 9:09:02 PM",".txt"
"genspark paste conversation  disclosure (2).txt","C:\Users\User\Downloads\genspark paste conversation  disclosure (2).txt","Crown Attorney","366.49 KB","2025-10-13 10:14:56 AM",".txt"
"genspark paste conversation  disclosure (2).txt","C:\Users\User\Downloads\genspark paste conversation  disclosure (2).txt","Prosecutor","366.49 KB","2025-10-13 10:14:56 AM",".txt"
"genspark paste conversation  disclosure (2).txt","C:\Users\User\Downloads\genspark paste conversation  disclosure (2).txt","Criminal Division","366.49 KB","2025-10-13 10:14:56 AM",".txt"
"genspark paste conversation  disclosure.txt","C:\Users\User\Downloads\genspark paste conversation  disclosure.txt","Crown Attorney","366.49 KB","2025-10-03 9:09:45 AM",".txt"
"genspark paste conversation  disclosure.txt","C:\Users\User\Downloads\genspark paste conversation  disclosure.txt","Prosecutor","366.49 KB","2025-10-03 9:09:45 AM",".txt"
"genspark paste conversation  disclosure.txt","C:\Users\User\Downloads\genspark paste conversation  disclosure.txt","Criminal Division","366.49 KB","2025-10-03 9:09:45 AM",".txt"
"grok doss conversations.txt","C:\Users\User\Downloads\grok doss conversations.txt","Crown Attorney","456.2 KB","2025-10-05 11:02:27 AM",".txt"
"grok doss conversations.txt","C:\Users\User\Downloads\grok doss conversations.txt","Crown Counsel","456.2 KB","2025-10-05 11:02:27 AM",".txt"
"grok doss conversations.txt","C:\Users\User\Downloads\grok doss conversations.txt","Prosecutor","456.2 KB","2025-10-05 11:02:27 AM",".txt"
"grok doss conversations.txt","C:\Users\User\Downloads\grok doss conversations.txt","Attorney General","456.2 KB","2025-10-05 11:02:27 AM",".txt"
"grok doss conversations.txt","C:\Users\User\Downloads\grok doss conversations.txt","Criminal Division","456.2 KB","2025-10-05 11:02:27 AM",".txt"
"July 8 court recording rescheduling, crown_memo 2_memo (1).txt","C:\Users\User\Downloads\July 8 court recording rescheduling, crown_memo 2_memo (1).txt","Prosecutor","14.78 KB","2025-10-20 5:55:45 AM",".txt"
"July 8 court recording rescheduling, crown_memo 2_memo (2).txt","C:\Users\User\Downloads\July 8 court recording rescheduling, crown_memo 2_memo (2).txt","Prosecutor","14.78 KB","2025-10-22 12:50:46 AM",".txt"
"July 8 court recording rescheduling, crown_memo 2_memo.txt","C:\Users\User\Downloads\July 8 court recording rescheduling, crown_memo 2_memo.txt","Prosecutor","14.78 KB","2025-10-15 8:10:34 PM",".txt"
"Litigation Funding Report_ R. v. Longo - Systematic Prosecutorial Conspiracy.pdf","C:\Users\User\Downloads\Litigation Funding Report_ R. v. Longo - Systematic Prosecutorial Conspiracy.pdf","Prosecutor","105.86 KB","2025-09-27 6:37:18 PM",".pdf"
"MOST COMPREHENSIVE REPORT AND REMIDIES IN CANADIAN HISTORY R V LONGO.txt","C:\Users\User\Downloads\MOST COMPREHENSIVE REPORT AND REMIDIES IN CANADIAN HISTORY R V LONGO.txt","Crown Attorney","45.05 KB","2025-10-08 8:47:22 AM",".txt"
"MOST COMPREHENSIVE REPORT AND REMIDIES IN CANADIAN HISTORY R V LONGO.txt","C:\Users\User\Downloads\MOST COMPREHENSIVE REPORT AND REMIDIES IN CANADIAN HISTORY R V LONGO.txt","Attorney General","45.05 KB","2025-10-08 8:47:22 AM",".txt"
"original_msg.eml","C:\Users\User\Downloads\original_msg.eml","Crown Attorney","53.94 KB","2025-09-26 8:36:34 PM",".eml"
"original_msg.eml","C:\Users\User\Downloads\original_msg.eml","Attorney General","53.94 KB","2025-09-26 8:36:34 PM",".eml"
"POWER SHELL EVIDENCE.txt","C:\Users\User\Downloads\POWER SHELL EVIDENCE.txt","Crown Attorney","337.45 KB","2025-10-11 11:11:57 AM",".txt"
"POWER SHELL EVIDENCE.txt","C:\Users\User\Downloads\POWER SHELL EVIDENCE.txt","Crown Counsel","337.45 KB","2025-10-11 11:11:57 AM",".txt"
"POWER SHELL EVIDENCE.txt","C:\Users\User\Downloads\POWER SHELL EVIDENCE.txt","Prosecutor","337.45 KB","2025-10-11 11:11:57 AM",".txt"
"R v Francesco LONGO 1012001 - Disclosure.eml","C:\Users\User\Downloads\R v Francesco LONGO 1012001 - Disclosure.eml","Crown Attorney","24.25 KB","2025-10-15 6:37:14 PM",".eml"
"R v Francesco LONGO 1012001 - Disclosure.eml","C:\Users\User\Downloads\R v Francesco LONGO 1012001 - Disclosure.eml","Attorney General","24.25 KB","2025-10-15 6:37:14 PM",".eml"
"reorganize doss.txt","C:\Users\User\Downloads\reorganize doss.txt","Crown Attorney","2517.38 KB","2025-10-03 9:09:11 PM",".txt"
"reorganize doss.txt","C:\Users\User\Downloads\reorganize doss.txt","Attorney General","2517.38 KB","2025-10-03 9:09:11 PM",".txt"
"Subject_ R. v. Longo ? URGENT SERVICE ON AGC ? Form 4F ? Filed OCJ Windsor 23?Sep?2025 15_47 (3_47 pm).eml","C:\Users\User\Downloads\Subject_ R. v. Longo ? URGENT SERVICE ON AGC ? Form 4F ? Filed OCJ Windsor 23?Sep?2025 15_47 (3_47 pm).eml","Attorney General","1550.51 KB","2025-10-19 8:57:12 AM",".eml"
"Subject_ URGENT DISCLOSURE REQUEST & EVIDENCE DEMANDS - R. v. Francesco Longo (Court File 21-845).eml","C:\Users\User\Downloads\Subject_ URGENT DISCLOSURE REQUEST & EVIDENCE DEMANDS - R. v. Francesco Longo (Court File 21-845).eml","Crown Attorney","75.74 KB","2025-09-26 8:32:44 PM",".eml"
"Subject_ URGENT DISCLOSURE REQUEST & EVIDENCE DEMANDS - R. v. Francesco Longo (Court File 21-845).eml","C:\Users\User\Downloads\Subject_ URGENT DISCLOSURE REQUEST & EVIDENCE DEMANDS - R. v. Francesco Longo (Court File 21-845).eml","Prosecutor","75.74 KB","2025-09-26 8:32:44 PM",".eml"
"Subject_ URGENT_ MANDATORY DISCLOSURE REQUEST - Case #21-845 Francesco Longo (1).eml","C:\Users\User\Downloads\Subject_ URGENT_ MANDATORY DISCLOSURE REQUEST - Case #21-845 Francesco Longo (1).eml","Crown Attorney","20.22 KB","2025-10-13 7:23:01 PM",".eml"
"Subject_ URGENT_ MANDATORY DISCLOSURE REQUEST - Case #21-845 Francesco Longo (2).eml","C:\Users\User\Downloads\Subject_ URGENT_ MANDATORY DISCLOSURE REQUEST - Case #21-845 Francesco Longo (2).eml","Crown Attorney","21.35 KB","2025-10-13 7:25:10 PM",".eml"
"Subject_ URGENT_ MANDATORY DISCLOSURE REQUEST - Case #21-845 Francesco Longo (3).eml","C:\Users\User\Downloads\Subject_ URGENT_ MANDATORY DISCLOSURE REQUEST - Case #21-845 Francesco Longo (3).eml","Crown Attorney","20.22 KB","2025-10-13 7:47:58 PM",".eml"
"Subject_ URGENT_ MANDATORY DISCLOSURE REQUEST - Case #21-845 Francesco Longo (4).eml","C:\Users\User\Downloads\Subject_ URGENT_ MANDATORY DISCLOSURE REQUEST - Case #21-845 Francesco Longo (4).eml","Crown Attorney","20.22 KB","2025-10-15 5:24:34 PM",".eml"
"Subject_ URGENT_ MANDATORY DISCLOSURE REQUEST - Case #21-845 Francesco Longo (5).eml","C:\Users\User\Downloads\Subject_ URGENT_ MANDATORY DISCLOSURE REQUEST - Case #21-845 Francesco Longo (5).eml","Crown Attorney","20.22 KB","2025-10-15 5:44:23 PM",".eml"
"Subject_ URGENT_ MANDATORY DISCLOSURE REQUEST - Case #21-845 Francesco Longo (6).eml","C:\Users\User\Downloads\Subject_ URGENT_ MANDATORY DISCLOSURE REQUEST - Case #21-845 Francesco Longo (6).eml","Crown Attorney","20.22 KB","2025-10-15 5:44:23 PM",".eml"
"Subject_ URGENT_ MANDATORY DISCLOSURE REQUEST - Case #21-845 Francesco Longo.eml","C:\Users\User\Downloads\Subject_ URGENT_ MANDATORY DISCLOSURE REQUEST - Case #21-845 Francesco Longo.eml","Crown Attorney","20.22 KB","2025-10-13 7:23:01 PM",".eml"
"Windsor.OCJ.Criminal.TrialCoordinator@ontario.ca, windsor.scj@ontario.ca, windsor.crown@ontario.ca, crown.windsor@ontario.ca, mag.correspondence@ontario.ca, attorney.general@ontario.ca, lso@lso.ca, complaints@ls (1).eml","C:\Users\User\Downloads\Windsor.OCJ.Criminal.TrialCoordinator@ontario.ca, windsor.scj@ontario.ca, windsor.crown@ontario.ca, crown.windsor@ontario.ca, mag.correspondence@ontario.ca, attorney.general@ontario.ca, lso@lso.ca, complaints@ls (1).eml","Crown Attorney","452.81 KB","2025-10-16 2:18:05 AM",".eml"
"Windsor.OCJ.Criminal.TrialCoordinator@ontario.ca, windsor.scj@ontario.ca, windsor.crown@ontario.ca, crown.windsor@ontario.ca, mag.correspondence@ontario.ca, attorney.general@ontario.ca, lso@lso.ca, complaints@ls (2).eml","C:\Users\User\Downloads\Windsor.OCJ.Criminal.TrialCoordinator@ontario.ca, windsor.scj@ontario.ca, windsor.crown@ontario.ca, crown.windsor@ontario.ca, mag.correspondence@ontario.ca, attorney.general@ontario.ca, lso@lso.ca, complaints@ls (2).eml","Crown Attorney","452.81 KB","2025-10-16 3:06:07 AM",".eml"
"Windsor.OCJ.Criminal.TrialCoordinator@ontario.ca, windsor.scj@ontario.ca, windsor.crown@ontario.ca, crown.windsor@ontario.ca, mag.correspondence@ontario.ca, attorney.general@ontario.ca, lso@lso.ca, complaints@lso.ca.eml","C:\Users\User\Downloads\Windsor.OCJ.Criminal.TrialCoordinator@ontario.ca, windsor.scj@ontario.ca, windsor.crown@ontario.ca, crown.windsor@ontario.ca, mag.correspondence@ontario.ca, attorney.general@ontario.ca, lso@lso.ca, complaints@lso.ca.eml","Crown Attorney","452.81 KB","2025-10-16 2:10:58 AM",".eml"
"WINSOR PROBE SCRIPT.txt","C:\Users\User\Downloads\WINSOR PROBE SCRIPT.txt","Crown Attorney","523.47 KB","2025-10-10 9:48:28 PM",".txt"
"WINSOR PROBE SCRIPT.txt","C:\Users\User\Downloads\WINSOR PROBE SCRIPT.txt","Prosecutor","523.47 KB","2025-10-10 9:48:28 PM",".txt"
"WINSOR PROBE SCRIPT.txt","C:\Users\User\Downloads\WINSOR PROBE SCRIPT.txt","Attorney General","523.47 KB","2025-10-10 9:48:28 PM",".txt"
