"Name","Directory","Length","LastWriteTime","LastAccessTime","Attributes","Owner"
"UsrClass.dat{1d8193fd-816b-11f0-a267-28b2bd7d5172}.TxR.0.regtrans-ms","C:\Users\User\AppData\Local\Microsoft\Windows","1048576","2025-10-03 6:20:40 AM","2025-10-03 6:20:40 AM","Hidden, System, Archive","NT AUTHORITY\SYSTEM"
"NTUSER.DAT{53b39e87-18c4-11ea-a811-000d3aa4692b}.TxR.0.regtrans-ms","C:\Users\User","1048576","2025-10-03 6:20:40 AM","2025-10-03 6:20:40 AM","Hidden, System, Archive","NT AUTHORITY\SYSTEM"
"VCIOMGEL",,,"2025-10-03 5:50:29 AM","2025-10-03 6:20:40 AM","Hidden, System, Directory, NotContentIndexed","DESKTOP-RVD6TK8\User"
"I1WE3WYM",,,"2025-10-03 5:50:29 AM","2025-10-03 6:20:40 AM","Hidden, System, Directory, NotContentIndexed","DESKTOP-RVD6TK8\User"
"HL02TYPK",,,"2025-10-03 5:50:29 AM","2025-10-03 6:20:40 AM","Hidden, System, Directory, NotContentIndexed","DESKTOP-RVD6TK8\User"
"WebCache",,,"2025-10-03 5:50:29 AM","2025-10-03 5:50:29 AM","Hidden, System, Directory, NotContentIndexed","DESKTOP-RVD6TK8\User"
"WOCQ5CKP",,,"2025-10-03 5:50:29 AM","2025-10-03 6:20:40 AM","Hidden, System, Directory, NotContentIndexed","DESKTOP-RVD6TK8\User"
"DFBE70A7E5CC19A398EBF1B96859CE5D","C:\Users\User\AppData\Local\Microsoft\Credentials","11152","2025-10-03 5:48:10 AM","2025-10-03 5:48:10 AM","Hidden, System, Archive, NotContentIndexed","DESKTOP-RVD6TK8\User"
"container.dat","C:\Users\User\AppData\Local\Microsoft\Windows\History\History.IE5\MSHist012025100320251004","0","2025-10-03 5:32:44 AM","2025-10-03 5:32:44 AM","Hidden, System, Archive, NotContentIndexed","DESKTOP-RVD6TK8\User"
"MSHist012025100320251004",,,"2025-10-03 5:32:44 AM","2025-10-03 5:32:44 AM","Hidden, System, Directory, NotContentIndexed","DESKTOP-RVD6TK8\User"
"History.IE5",,,"2025-10-03 5:32:44 AM","2025-10-03 5:32:44 AM","Hidden, System, Directory, NotContentIndexed","DESKTOP-RVD6TK8\User"
"INetCache",,,"2025-10-03 5:32:44 AM","2025-10-03 5:32:44 AM","Hidden, System, Directory, NotContentIndexed","DESKTOP-RVD6TK8\User"
"Content.IE5",,,"2025-10-03 5:32:44 AM","2025-10-03 5:32:44 AM","Hidden, System, Directory, ReparsePoint, NotContentIndexed","DESKTOP-RVD6TK8\User"
"IE",,,"2025-10-03 5:28:20 AM","2025-10-03 5:28:20 AM","Hidden, System, Directory, NotContentIndexed","DESKTOP-RVD6TK8\User"
"INetCache",,,"2025-10-02 9:40:48 PM","2025-10-03 5:44:43 AM","Hidden, System, Directory, NotContentIndexed","DESKTOP-RVD6TK8\User"
"INetCache",,,"2025-10-02 9:40:48 PM","2025-10-03 5:28:17 AM","Hidden, System, Directory, NotContentIndexed","DESKTOP-RVD6TK8\User"
"NTUSER.DAT{53b39e87-18c4-11ea-a811-000d3aa4692b}.TxR.blf","C:\Users\User","65536","2025-10-02 9:40:26 PM","2025-10-02 9:40:26 PM","Hidden, System, Archive","BUILTIN\Administrators"
"UsrClass.dat{1d8193fd-816b-11f0-a267-28b2bd7d5172}.TxR.blf","C:\Users\User\AppData\Local\Microsoft\Windows","65536","2025-10-02 9:40:26 PM","2025-10-02 9:40:26 PM","Hidden, System, Archive","BUILTIN\Administrators"
"container.dat","C:\Users\User\AppData\Local\Microsoft\Windows\History\History.IE5\MSHist012025100220251003","0","2025-10-02 9:08:09 PM","2025-10-02 9:08:09 PM","Hidden, System, Archive, NotContentIndexed","DESKTOP-RVD6TK8\User"
"MSHist012025100220251003",,,"2025-10-02 9:08:09 PM","2025-10-03 5:44:42 AM","Hidden, System, Directory, NotContentIndexed","DESKTOP-RVD6TK8\User"
"17",,,"2025-10-02 8:58:06 PM","2025-10-03 5:44:43 AM","Hidden, System, Directory, NotContentIndexed","DESKTOP-RVD6TK8\User"
"74KOECYQ",,,"2025-10-02 8:58:06 PM","2025-10-03 5:44:43 AM","Hidden, System, Directory, NotContentIndexed","DESKTOP-RVD6TK8\User"
"container.dat","C:\Users\User\AppData\Local\Packages\Microsoft.Windows.Search_cw5n1h2txyewy\AC\AppCache\74KOECYQ\17","0","2025-10-02 8:58:06 PM","2025-10-02 8:58:06 PM","Hidden, System, Archive, NotContentIndexed","DESKTOP-RVD6TK8\User"
"settings.dat.LOG1","C:\Users\User\AppData\Local\Packages\Microsoft.Windows.Search_cw5n1h2txyewy\Settings","45056","2025-10-02 8:58:06 PM","2025-10-02 8:58:06 PM","Hidden, System, Archive","DESKTOP-RVD6TK8\User"
"settings.dat.LOG2","C:\Users\User\AppData\Local\Packages\Microsoft.Windows.Search_cw5n1h2txyewy\Settings","73728","2025-10-02 8:58:06 PM","2025-10-02 8:58:06 PM","Hidden, System, Archive","DESKTOP-RVD6TK8\User"
"settings.dat.LOG2","C:\Users\User\AppData\Local\Packages\Microsoft.Windows.StartMenuExperienceHost_cw5n1h2txyewy\Settings","0","2025-10-02 8:58:04 PM","2025-10-02 8:58:04 PM","Hidden, System, Archive","DESKTOP-RVD6TK8\User"
"settings.dat.LOG1","C:\Users\User\AppData\Local\Packages\Microsoft.Windows.StartMenuExperienceHost_cw5n1h2txyewy\Settings","8192","2025-10-02 8:58:04 PM","2025-10-02 8:58:04 PM","Hidden, System, Archive","DESKTOP-RVD6TK8\User"
"Enhance Video Colors.man.igpi","C:\Users\User\IntelGraphicsProfiles","8436","2025-10-02 8:58:00 PM","2025-10-02 8:58:00 PM","Hidden, System, Archive","DESKTOP-RVD6TK8\User"
"IntelGraphicsProfiles",,,"2025-10-02 8:58:00 PM","2025-10-03 5:44:49 AM","Hidden, System, Directory","DESKTOP-RVD6TK8\User"
"Darken Video.man.igpi","C:\Users\User\IntelGraphicsProfiles","8436","2025-10-02 8:58:00 PM","2025-10-02 8:58:00 PM","Hidden, System, Archive","DESKTOP-RVD6TK8\User"
"Brighten Video.man.igpi","C:\Users\User\IntelGraphicsProfiles","8436","2025-10-02 8:58:00 PM","2025-10-02 8:58:00 PM","Hidden, System, Archive","DESKTOP-RVD6TK8\User"
"WPNPRMRY.tmp","C:\Users\User\AppData\Local\Microsoft\Windows\Notifications","0","2025-10-02 8:58:00 PM","2025-10-02 8:58:00 PM","Hidden, Archive","DESKTOP-RVD6TK8\User"
"ESE",,,"2025-09-29 8:25:45 AM","2025-10-03 5:44:42 AM","Hidden, System, Directory, NotContentIndexed","DESKTOP-RVD6TK8\User"
"container.dat","C:\Users\User\AppData\Local\Packages\Microsoft.MSPaint_8wekyb3d8bbwe\AC\INetCookies\ESE","0","2025-09-29 8:25:45 AM","2025-09-29 8:25:45 AM","Hidden, System, Archive, NotContentIndexed","DESKTOP-RVD6TK8\User"
"INetCookies",,,"2025-09-29 8:25:45 AM","2025-10-03 5:44:42 AM","Hidden, System, Directory, NotContentIndexed","DESKTOP-RVD6TK8\User"
"container.dat","C:\Users\User\AppData\Local\Packages\Microsoft.MSPaint_8wekyb3d8bbwe\AC\INetCache","0","2025-09-29 8:25:45 AM","2025-09-29 8:25:45 AM","Hidden, System, Archive, NotContentIndexed","DESKTOP-RVD6TK8\User"
"INetCache",,,"2025-09-29 8:25:45 AM","2025-10-03 5:44:42 AM","Hidden, System, Directory, NotContentIndexed","DESKTOP-RVD6TK8\User"
"settings.dat.LOG2","C:\Users\User\AppData\Local\Packages\Microsoft.MSPaint_8wekyb3d8bbwe\Settings","0","2025-09-29 8:25:43 AM","2025-09-29 8:25:43 AM","Hidden, System, Archive","DESKTOP-RVD6TK8\User"
"settings.dat.LOG1","C:\Users\User\AppData\Local\Packages\Microsoft.MSPaint_8wekyb3d8bbwe\Settings","8192","2025-09-29 8:25:43 AM","2025-09-29 8:25:43 AM","Hidden, System, Archive","DESKTOP-RVD6TK8\User"
"IconCache.db","C:\Users\User\AppData\Local","56066","2025-09-29 8:12:51 AM","2025-10-03 5:31:24 AM","Hidden, Archive","DESKTOP-RVD6TK8\User"
"slideshow.ini","C:\Users\User\AppData\Roaming\Microsoft\Windows\Themes","0","2025-09-29 5:23:13 AM","2025-09-29 5:23:13 AM","Hidden, Archive","DESKTOP-RVD6TK8\User"
"container.dat","C:\Users\User\AppData\Local\Microsoft\Windows\History\History.IE5\MSHist012025092920250930","0","2025-09-29 12:59:15 AM","2025-09-29 12:59:15 AM","Hidden, System, Archive, NotContentIndexed","DESKTOP-RVD6TK8\User"
"MSHist012025092920250930",,,"2025-09-29 12:59:15 AM","2025-10-03 5:44:42 AM","Hidden, System, Directory, NotContentIndexed","DESKTOP-RVD6TK8\User"
"MSHist012025092220250929",,,"2025-09-29 12:59:15 AM","2025-10-03 5:44:42 AM","Hidden, System, Directory, NotContentIndexed","DESKTOP-RVD6TK8\User"
"container.dat","C:\Users\User\AppData\Local\Microsoft\Windows\History\History.IE5\MSHist012025092220250929","0","2025-09-29 12:59:15 AM","2025-09-29 12:59:15 AM","Hidden, System, Archive, NotContentIndexed","DESKTOP-RVD6TK8\User"
"INetCache",,,"2025-09-29 12:41:32 AM","2025-10-03 5:44:43 AM","Hidden, System, Directory, NotContentIndexed","DESKTOP-RVD6TK8\User"
"INetCache",,,"2025-09-29 12:41:32 AM","2025-10-03 5:44:43 AM","Hidden, System, Directory, NotContentIndexed","DESKTOP-RVD6TK8\User"
"INetCookies",,,"2025-09-28 10:57:51 PM","2025-10-03 5:44:42 AM","Hidden, System, Directory, NotContentIndexed","DESKTOP-RVD6TK8\User"
"INetHistory",,,"2025-09-28 10:57:51 PM","2025-10-03 5:44:42 AM","Hidden, System, Directory, NotContentIndexed","DESKTOP-RVD6TK8\User"
"INetCache",,,"2025-09-28 10:57:51 PM","2025-10-03 5:44:42 AM","Hidden, System, Directory, NotContentIndexed","DESKTOP-RVD6TK8\User"
"UsrClass.dat{1d8193fd-816b-11f0-a267-28b2bd7d5172}.TxR.2.regtrans-ms","C:\Users\User\AppData\Local\Microsoft\Windows","1048576","2025-09-28 10:20:30 PM","2025-09-28 10:20:30 PM","Hidden, System, Archive","NT AUTHORITY\SYSTEM"
"UsrClass.dat{1d8193fd-816b-11f0-a267-28b2bd7d5172}.TxR.1.regtrans-ms","C:\Users\User\AppData\Local\Microsoft\Windows","1048576","2025-09-28 10:20:30 PM","2025-09-28 10:20:30 PM","Hidden, System, Archive","NT AUTHORITY\SYSTEM"
"NTUSER.DAT{53b39e87-18c4-11ea-a811-000d3aa4692b}.TxR.2.regtrans-ms","C:\Users\User","1048576","2025-09-28 10:20:30 PM","2025-09-28 10:20:30 PM","Hidden, System, Archive","NT AUTHORITY\SYSTEM"
"NTUSER.DAT{53b39e87-18c4-11ea-a811-000d3aa4692b}.TxR.1.regtrans-ms","C:\Users\User","1048576","2025-09-28 10:20:30 PM","2025-09-28 10:20:30 PM","Hidden, System, Archive","NT AUTHORITY\SYSTEM"
"POF.dat.LOG2","C:\Users\User\AppData\Local\Packages\Microsoft.LockApp_cw5n1h2txyewy\AC\GEH","8192","2025-09-28 9:32:07 PM","2025-09-28 9:32:07 PM","Hidden, System, Archive, NotContentIndexed","DESKTOP-RVD6TK8\User"
"POF.dat.LOG1","C:\Users\User\AppData\Local\Packages\Microsoft.LockApp_cw5n1h2txyewy\AC\GEH","8192","2025-09-28 9:32:07 PM","2025-09-28 9:32:07 PM","Hidden, System, Archive, NotContentIndexed","DESKTOP-RVD6TK8\User"
"NTUSER.DAT","C:\Users\User","4718592","2025-09-28 2:57:11 AM","2025-09-28 2:57:11 AM","Hidden, Archive, NotContentIndexed","DESKTOP-RVD6TK8\User"
"UsrClass.dat","C:\Users\User\AppData\Local\Microsoft\Windows","5242880","2025-09-28 2:57:11 AM","2025-09-28 2:57:11 AM","Hidden, Archive","DESKTOP-RVD6TK8\User"
"probe.autosave","C:\Users\User\AppData\Local\Notepad","0","2025-09-28 2:57:01 AM","2025-09-28 2:57:01 AM","Hidden, Archive","DESKTOP-RVD6TK8\User"
"INetCache",,,"2025-09-28 2:38:23 AM","2025-10-03 5:44:43 AM","Hidden, System, Directory, NotContentIndexed","DESKTOP-RVD6TK8\User"
"0UPGSQMU",,,"2025-09-28 2:22:53 AM","2025-10-03 5:44:43 AM","Hidden, System, Directory, NotContentIndexed","DESKTOP-RVD6TK8\User"
"N4N91QD1",,,"2025-09-28 2:16:31 AM","2025-10-03 5:44:43 AM","Hidden, System, Directory, NotContentIndexed","DESKTOP-RVD6TK8\User"
"7P0TGMD0",,,"2025-09-28 2:16:30 AM","2025-10-03 5:44:43 AM","Hidden, System, Directory, NotContentIndexed","DESKTOP-RVD6TK8\User"
"EQWY9JZK",,,"2025-09-28 2:16:28 AM","2025-10-03 5:44:43 AM","Hidden, System, Directory, NotContentIndexed","DESKTOP-RVD6TK8\User"
"INetCookies",,,"2025-09-28 2:16:27 AM","2025-10-03 5:44:43 AM","Hidden, System, Directory, NotContentIndexed","DESKTOP-RVD6TK8\User"
"container.dat","C:\Users\User\AppData\Local\Microsoft\Windows\INetCache\IE","0","2025-09-27 8:42:08 PM","2025-09-27 8:42:08 PM","Hidden, System, Archive, NotContentIndexed","DESKTOP-RVD6TK8\User"
"INetHistory",,,"2025-09-27 8:34:32 AM","2025-10-03 5:44:42 AM","Hidden, System, Directory, NotContentIndexed","DESKTOP-RVD6TK8\User"
"INetCache",,,"2025-09-27 8:34:32 AM","2025-10-03 5:44:42 AM","Hidden, System, Directory, NotContentIndexed","DESKTOP-RVD6TK8\User"
"INetCookies",,,"2025-09-27 8:34:32 AM","2025-10-03 5:44:42 AM","Hidden, System, Directory, NotContentIndexed","DESKTOP-RVD6TK8\User"
"INetCache",,,"2025-09-27 8:34:32 AM","2025-10-03 5:44:42 AM","Hidden, System, Directory, NotContentIndexed","DESKTOP-RVD6TK8\User"
"INetHistory",,,"2025-09-27 8:34:32 AM","2025-10-03 5:44:42 AM","Hidden, System, Directory, NotContentIndexed","DESKTOP-RVD6TK8\User"
"INetCookies",,,"2025-09-27 8:34:32 AM","2025-10-03 5:44:42 AM","Hidden, System, Directory, NotContentIndexed","DESKTOP-RVD6TK8\User"
"I6HK1HZX",,,"2025-09-22 7:37:14 PM","2025-10-03 5:44:49 AM","Hidden, System, Directory, NotContentIndexed","DESKTOP-RVD6TK8\User"
"ZDV0YTLA",,,"2025-09-22 7:37:14 PM","2025-10-03 5:44:49 AM","Hidden, System, Directory, NotContentIndexed","DESKTOP-RVD6TK8\User"
"APOHABI8",,,"2025-09-22 7:37:14 PM","2025-10-03 5:44:49 AM","Hidden, System, Directory, NotContentIndexed","DESKTOP-RVD6TK8\User"
"I33LVZCZ",,,"2025-09-22 7:37:14 PM","2025-10-03 5:44:49 AM","Hidden, System, Directory, NotContentIndexed","DESKTOP-RVD6TK8\User"
"DOMStore",,,"2025-09-22 7:37:14 PM","2025-10-03 5:44:49 AM","Hidden, System, Directory, NotContentIndexed","DESKTOP-RVD6TK8\User"
"container.dat","C:\Users\User\AppData\LocalLow\Microsoft\Internet Explorer\DOMStore","0","2025-09-22 7:37:14 PM","2025-09-22 7:37:14 PM","Hidden, System, Archive, NotContentIndexed","DESKTOP-RVD6TK8\User"
"container.dat","C:\Users\User\AppData\Local\Microsoft\Windows\History\Low\History.IE5","0","2025-09-22 7:37:13 PM","2025-09-22 7:37:13 PM","Hidden, System, Archive, NotContentIndexed","DESKTOP-RVD6TK8\User"
"History.IE5",,,"2025-09-22 7:37:13 PM","2025-10-03 5:44:42 AM","Hidden, System, Directory, NotContentIndexed","DESKTOP-RVD6TK8\User"
"container.dat","C:\Users\User\AppData\LocalLow\Microsoft\Windows\AppCache\5DJKFUP3","0","2025-09-22 7:37:13 PM","2025-09-22 7:37:13 PM","Hidden, System, Archive, NotContentIndexed","DESKTOP-RVD6TK8\User"
"5DJKFUP3",,,"2025-09-22 7:37:13 PM","2025-10-03 5:44:49 AM","Hidden, System, Directory, NotContentIndexed","DESKTOP-RVD6TK8\User"
"container.dat","C:\Users\User\AppData\LocalLow\Microsoft\Windows\AppCache","0","2025-09-22 7:37:13 PM","2025-09-22 7:37:13 PM","Hidden, System, Archive, NotContentIndexed","DESKTOP-RVD6TK8\User"
"AppCache",,,"2025-09-22 7:37:13 PM","2025-10-03 5:44:49 AM","Hidden, System, Directory, NotContentIndexed","DESKTOP-RVD6TK8\User"
"container.dat","C:\Users\User\AppData\LocalLow\Microsoft\Internet Explorer\EmieUserList","0","2025-09-22 7:37:13 PM","2025-09-22 7:37:13 PM","Hidden, System, Archive, NotContentIndexed","DESKTOP-RVD6TK8\User"
"EmieUserList",,,"2025-09-22 7:37:13 PM","2025-10-03 5:44:49 AM","Hidden, System, Directory, NotContentIndexed","DESKTOP-RVD6TK8\User"
"container.dat","C:\Users\User\AppData\LocalLow\Microsoft\Internet Explorer\EmieSiteList","0","2025-09-22 7:37:13 PM","2025-09-22 7:37:13 PM","Hidden, System, Archive, NotContentIndexed","DESKTOP-RVD6TK8\User"
"EmieSiteList",,,"2025-09-22 7:37:13 PM","2025-10-03 5:44:49 AM","Hidden, System, Directory, NotContentIndexed","DESKTOP-RVD6TK8\User"
"container.dat","C:\Users\User\AppData\Local\Microsoft\Windows\IECompatUaCache\Low","0","2025-09-22 7:37:13 PM","2025-09-22 7:37:13 PM","Hidden, System, Archive, NotContentIndexed","DESKTOP-RVD6TK8\User"
"Low",,,"2025-09-22 7:37:13 PM","2025-10-03 5:44:42 AM","Hidden, Directory, NotContentIndexed","DESKTOP-RVD6TK8\User"
"container.dat","C:\Users\User\AppData\Local\Microsoft\Windows\IECompatCache\Low","0","2025-09-22 7:37:13 PM","2025-09-22 7:37:13 PM","Hidden, System, Archive, NotContentIndexed","DESKTOP-RVD6TK8\User"
"Low",,,"2025-09-22 7:37:13 PM","2025-10-03 5:44:42 AM","Hidden, Directory, NotContentIndexed","DESKTOP-RVD6TK8\User"
"container.dat","C:\Users\User\AppData\Local\Microsoft\Internet Explorer\EmieUserList","0","2025-09-22 7:34:26 PM","2025-09-22 7:34:26 PM","Hidden, System, Archive, NotContentIndexed","DESKTOP-RVD6TK8\User"
"EmieUserList",,,"2025-09-22 7:34:26 PM","2025-10-03 5:44:39 AM","Hidden, System, Directory, NotContentIndexed","DESKTOP-RVD6TK8\User"
"container.dat","C:\Users\User\AppData\Local\Microsoft\Internet Explorer\EmieSiteList","0","2025-09-22 7:34:26 PM","2025-09-22 7:34:26 PM","Hidden, System, Archive, NotContentIndexed","DESKTOP-RVD6TK8\User"
"EmieSiteList",,,"2025-09-22 7:34:26 PM","2025-10-03 5:44:39 AM","Hidden, System, Directory, NotContentIndexed","DESKTOP-RVD6TK8\User"
"container.dat","C:\Users\User\AppData\Local\Microsoft\Windows\IEDownloadHistory","0","2025-09-22 7:32:51 PM","2025-09-22 7:32:51 PM","Hidden, System, Archive, NotContentIndexed","DESKTOP-RVD6TK8\User"
"IEDownloadHistory",,,"2025-09-22 7:32:51 PM","2025-10-03 5:44:42 AM","Hidden, System, Directory, NotContentIndexed","DESKTOP-RVD6TK8\User"
"MSHist012025091520250922",,,"2025-09-22 12:11:32 AM","2025-10-03 5:44:42 AM","Hidden, System, Directory, NotContentIndexed","DESKTOP-RVD6TK8\User"
"container.dat","C:\Users\User\AppData\Local\Microsoft\Windows\History\History.IE5\MSHist012025091520250922","0","2025-09-22 12:11:32 AM","2025-09-22 12:11:32 AM","Hidden, System, Archive, NotContentIndexed","DESKTOP-RVD6TK8\User"
"INetCache",,,"2025-09-19 3:11:30 AM","2025-10-03 5:44:43 AM","Hidden, System, Directory, NotContentIndexed","DESKTOP-RVD6TK8\User"
"container.dat","C:\Users\User\AppData\Local\Microsoft\Windows\INetCookies\Low\ESE","0","2025-09-18 11:42:15 PM","2025-09-18 11:42:15 PM","Hidden, System, Archive, NotContentIndexed","DESKTOP-RVD6TK8\User"
"ESE",,,"2025-09-18 11:42:15 PM","2025-10-03 5:44:42 AM","Hidden, System, Directory, NotContentIndexed","DESKTOP-RVD6TK8\User"
"container.dat","C:\Users\User\AppData\Local\Microsoft\Windows\INetCookies\DNTException","0","2025-09-18 11:39:09 PM","2025-09-18 11:39:09 PM","Hidden, System, Archive, NotContentIndexed","DESKTOP-RVD6TK8\User"
"DNTException",,,"2025-09-18 11:39:09 PM","2025-10-03 5:44:42 AM","Hidden, System, Directory, NotContentIndexed","DESKTOP-RVD6TK8\User"
"IECompatUaCache",,,"2025-09-18 11:39:09 PM","2025-10-03 5:44:42 AM","Hidden, System, Directory, NotContentIndexed","DESKTOP-RVD6TK8\User"
"container.dat","C:\Users\User\AppData\Local\Microsoft\Windows\IECompatUaCache","0","2025-09-18 11:39:09 PM","2025-09-18 11:39:09 PM","Hidden, System, Archive, NotContentIndexed","DESKTOP-RVD6TK8\User"
"container.dat","C:\Users\User\AppData\Local\Microsoft\Windows\IECompatCache","0","2025-09-18 11:39:09 PM","2025-09-18 11:39:09 PM","Hidden, System, Archive, NotContentIndexed","DESKTOP-RVD6TK8\User"
"IECompatCache",,,"2025-09-18 11:39:09 PM","2025-10-03 5:44:42 AM","Hidden, System, Directory, NotContentIndexed","DESKTOP-RVD6TK8\User"
"container.dat","C:\Users\User\AppData\Local\Microsoft\Windows\History\History.IE5\MSHist012025090820250915","0","2025-09-15 12:00:05 AM","2025-09-15 12:00:05 AM","Hidden, System, Archive, NotContentIndexed","DESKTOP-RVD6TK8\User"
"MSHist012025090820250915",,,"2025-09-15 12:00:05 AM","2025-10-03 5:44:42 AM","Hidden, System, Directory, NotContentIndexed","DESKTOP-RVD6TK8\User"
"settings.dat.LOG2","C:\Users\User\AppData\Local\Packages\Microsoft.Windows.DevHome_8wekyb3d8bbwe\Settings","0","2025-09-14 2:35:09 PM","2025-09-14 2:35:09 PM","Hidden, System, Archive","DESKTOP-RVD6TK8\User"
"settings.dat.LOG1","C:\Users\User\AppData\Local\Packages\Microsoft.Windows.DevHome_8wekyb3d8bbwe\Settings","8192","2025-09-14 2:35:09 PM","2025-09-14 2:35:09 PM","Hidden, System, Archive","DESKTOP-RVD6TK8\User"
"desktop.ini","C:\Users\User\AppData\Roaming\Microsoft\Windows\Start Menu\Programs","264","2025-09-13 6:51:03 AM","2025-10-02 8:58:01 PM","Hidden, System","DESKTOP-RVD6TK8\User"
"INetCache",,,"2025-09-12 12:22:58 AM","2025-10-03 5:44:43 AM","Hidden, System, Directory, NotContentIndexed","DESKTOP-RVD6TK8\User"
"INetCache",,,"2025-09-11 12:55:39 AM","2025-10-03 5:44:42 AM","Hidden, System, Directory, NotContentIndexed","DESKTOP-RVD6TK8\User"
"C6BIXQJF",,,"2025-09-08 12:02:50 AM","2025-10-03 5:44:43 AM","Hidden, System, Directory, NotContentIndexed","DESKTOP-RVD6TK8\User"
"container.dat","C:\Users\User\AppData\Local\Packages\Microsoft.Windows.CloudExperienceHost_cw5n1h2txyewy\AC\AppCache\C6BIXQJF","0","2025-09-08 12:02:50 AM","2025-09-08 12:02:50 AM","Hidden, System, Archive, NotContentIndexed","DESKTOP-RVD6TK8\User"
"AppCache",,,"2025-09-08 12:02:50 AM","2025-10-03 5:44:43 AM","Hidden, System, Directory, NotContentIndexed","DESKTOP-RVD6TK8\User"
"DOMStore",,,"2025-09-08 12:02:48 AM","2025-10-03 5:44:43 AM","Hidden, System, Directory, NotContentIndexed","DESKTOP-RVD6TK8\User"
"container.dat","C:\Users\User\AppData\Local\Packages\Microsoft.Windows.Search_cw5n1h2txyewy\AC\INetCookies\ESE","0","2025-09-06 8:26:11 PM","2025-09-06 8:26:11 PM","Hidden, System, Archive, NotContentIndexed","DESKTOP-RVD6TK8\User"
"ESE",,,"2025-09-06 8:26:11 PM","2025-10-03 5:28:16 AM","Hidden, System, Directory, NotContentIndexed","DESKTOP-RVD6TK8\User"
"INetCookies",,,"2025-09-06 8:26:11 PM","2025-10-03 5:44:43 AM","Hidden, System, Directory, NotContentIndexed","DESKTOP-RVD6TK8\User"
"B81AQUPI",,,"2025-09-06 8:23:25 PM","2025-10-03 5:44:43 AM","Hidden, System, Directory, NotContentIndexed","DESKTOP-RVD6TK8\User"
"5W424IEE",,,"2025-09-06 8:23:25 PM","2025-10-03 5:44:43 AM","Hidden, System, Directory, NotContentIndexed","DESKTOP-RVD6TK8\User"
"9QV6YQ99",,,"2025-09-06 8:23:25 PM","2025-10-03 5:44:43 AM","Hidden, System, Directory, NotContentIndexed","DESKTOP-RVD6TK8\User"
"1MN1KI51",,,"2025-09-06 8:23:25 PM","2025-10-03 5:44:43 AM","Hidden, System, Directory, NotContentIndexed","DESKTOP-RVD6TK8\User"
"DOMStore",,,"2025-09-06 8:23:25 PM","2025-10-03 5:44:43 AM","Hidden, System, Directory, NotContentIndexed","DESKTOP-RVD6TK8\User"
"container.dat","C:\Users\User\AppData\Local\Packages\Microsoft.Windows.Search_cw5n1h2txyewy\AC\INetCookies","0","2025-09-06 8:23:25 PM","2025-09-06 8:23:25 PM","Hidden, System, Archive, NotContentIndexed","DESKTOP-RVD6TK8\User"
"AppCache",,,"2025-09-06 8:23:24 PM","2025-10-03 5:44:43 AM","Hidden, System, Directory, NotContentIndexed","DESKTOP-RVD6TK8\User"
"container.dat","C:\Users\User\AppData\Local\Packages\Microsoft.Windows.Search_cw5n1h2txyewy\AC\AppCache\74KOECYQ","0","2025-09-06 8:23:24 PM","2025-09-06 8:23:24 PM","Hidden, System, Archive, NotContentIndexed","DESKTOP-RVD6TK8\User"
"WebCache.old",,,"2025-09-06 5:59:52 PM","2025-10-03 5:44:42 AM","Hidden, System, Directory, NotContentIndexed","DESKTOP-RVD6TK8\User"
"PANNJI6E",,,"2025-09-06 9:40:07 AM","2025-10-03 5:44:43 AM","Hidden, System, Directory, NotContentIndexed","DESKTOP-RVD6TK8\User"
"desktop.ini","C:\Users\User\OneDrive","95","2025-09-06 9:06:10 AM","2025-10-03 5:31:25 AM","Hidden, System","DESKTOP-RVD6TK8\User"
"27",,,"2025-09-06 9:04:03 AM","2025-10-03 5:44:43 AM","Hidden, System, Directory, NotContentIndexed","DESKTOP-RVD6TK8\User"
"container.dat","C:\Users\User\AppData\Local\Packages\Microsoft.Windows.Search_cw5n1h2txyewy\AC\AppCache\PANNJI6E\27","0","2025-09-06 9:04:01 AM","2025-09-06 9:04:01 AM","Hidden, System, Archive, NotContentIndexed","DESKTOP-RVD6TK8\User"
"WW34W9WR",,,"2025-09-02 11:48:43 PM","2025-10-03 5:44:43 AM","Hidden, System, Directory, NotContentIndexed","DESKTOP-RVD6TK8\User"
"SDXI931L",,,"2025-09-02 11:48:43 PM","2025-10-03 5:44:43 AM","Hidden, System, Directory, NotContentIndexed","DESKTOP-RVD6TK8\User"
"NIC1YWC6",,,"2025-09-02 11:48:41 PM","2025-10-03 5:44:43 AM","Hidden, System, Directory, NotContentIndexed","DESKTOP-RVD6TK8\User"
"KZG0PM2F",,,"2025-09-02 11:48:38 PM","2025-10-03 5:44:43 AM","Hidden, System, Directory, NotContentIndexed","DESKTOP-RVD6TK8\User"
"container.dat","C:\Users\User\AppData\Local\Packages\Microsoft.Windows.CloudExperienceHost_cw5n1h2txyewy\AC\INetCookies","0","2025-09-02 11:48:37 PM","2025-09-02 11:48:37 PM","Hidden, System, Archive, NotContentIndexed","DESKTOP-RVD6TK8\User"
"BackgroundTransferApi",,,"2025-09-02 8:05:44 PM","2025-10-03 5:44:43 AM","Hidden, System, Directory, NotContentIndexed","DESKTOP-RVD6TK8\User"
"INetHistory",,,"2025-09-02 8:05:44 PM","2025-10-03 5:44:43 AM","Hidden, System, Directory, NotContentIndexed","DESKTOP-RVD6TK8\User"
"BackgroundTransferApiGroup",,,"2025-09-02 8:05:44 PM","2025-10-03 5:44:43 AM","Hidden, System, Directory, NotContentIndexed","DESKTOP-RVD6TK8\User"
"container.dat","C:\Users\User\AppData\Local\Packages\Microsoft.WindowsStore_8wekyb3d8bbwe\AC\INetHistory\BackgroundTransferApi","0","2025-09-02 8:05:44 PM","2025-09-02 8:05:44 PM","Hidden, System, Archive, NotContentIndexed","DESKTOP-RVD6TK8\User"
"E898A05EC3E671A72369A9568F0D8201","C:\Users\User\AppData\Local\Microsoft\Credentials","544","2025-08-31 9:24:41 AM","2025-10-03 5:48:10 AM","Hidden, System, Archive, NotContentIndexed","DESKTOP-RVD6TK8\User"
"INetCache",,,"2025-08-31 2:20:31 AM","2025-10-03 5:44:42 AM","Hidden, System, Directory, NotContentIndexed","DESKTOP-RVD6TK8\User"
"INetCookies",,,"2025-08-29 8:18:08 AM","2025-10-03 5:44:42 AM","Hidden, System, Directory, NotContentIndexed","DESKTOP-RVD6TK8\User"
"container.dat","C:\Users\User\AppData\Local\Microsoft\Windows\INetCookies","0","2025-08-29 8:18:08 AM","2025-08-29 8:18:08 AM","Hidden, System, Archive, NotContentIndexed","DESKTOP-RVD6TK8\User"
"INetHistory",,,"2025-08-28 6:56:02 PM","2025-10-03 5:44:43 AM","Hidden, System, Directory, NotContentIndexed","DESKTOP-RVD6TK8\User"
"BackgroundTransferApi",,,"2025-08-28 6:56:02 PM","2025-10-03 5:44:43 AM","Hidden, System, Directory, NotContentIndexed","DESKTOP-RVD6TK8\User"
"container.dat","C:\Users\User\AppData\Local\Packages\Microsoft.XboxGamingOverlay_8wekyb3d8bbwe\AC\INetHistory\BackgroundTransferApi","0","2025-08-28 6:56:02 PM","2025-08-28 6:56:02 PM","Hidden, System, Archive, NotContentIndexed","DESKTOP-RVD6TK8\User"
"BackgroundTransferApiGroup",,,"2025-08-28 6:56:02 PM","2025-10-03 5:44:43 AM","Hidden, System, Directory, NotContentIndexed","DESKTOP-RVD6TK8\User"
"INetCookies",,,"2025-08-28 6:56:01 PM","2025-10-03 5:44:43 AM","Hidden, System, Directory, NotContentIndexed","DESKTOP-RVD6TK8\User"
"container.dat","C:\Users\User\AppData\Local\Packages\Microsoft.XboxGamingOverlay_8wekyb3d8bbwe\AC\INetCookies\ESE","0","2025-08-28 6:56:01 PM","2025-08-28 6:56:01 PM","Hidden, System, Archive, NotContentIndexed","DESKTOP-RVD6TK8\User"
"ESE",,,"2025-08-28 6:56:01 PM","2025-10-03 5:44:43 AM","Hidden, System, Directory, NotContentIndexed","DESKTOP-RVD6TK8\User"
"container.dat","C:\Users\User\AppData\Local\Packages\Microsoft.XboxGamingOverlay_8wekyb3d8bbwe\AC\INetCache","0","2025-08-28 6:56:01 PM","2025-08-28 6:56:01 PM","Hidden, System, Archive, NotContentIndexed","DESKTOP-RVD6TK8\User"
"desktop.ini","C:\Users\User\Videos\Captures","190","2025-08-28 6:56:01 PM","2025-09-29 9:22:17 AM","Hidden, System","DESKTOP-RVD6TK8\User"
"INetCache",,,"2025-08-28 7:28:23 AM","2025-10-03 5:44:43 AM","Hidden, System, Directory, NotContentIndexed","DESKTOP-RVD6TK8\User"
".git",,,"2025-08-27 7:22:59 PM","2025-10-03 5:44:49 AM","Hidden, Directory","DESKTOP-RVD6TK8\User"
".git",,,"2025-08-27 7:21:07 PM","2025-10-03 5:44:49 AM","Hidden, Directory","DESKTOP-RVD6TK8\User"
".git",,,"2025-08-27 7:08:00 PM","2025-10-03 5:45:00 AM","Hidden, Directory","DESKTOP-RVD6TK8\User"
"INetHistory",,,"2025-08-27 6:08:30 PM","2025-10-03 5:44:42 AM","Hidden, System, Directory, NotContentIndexed","DESKTOP-RVD6TK8\User"
"History.IE5",,,"2025-08-27 6:08:30 PM","2025-10-03 5:44:42 AM","Hidden, System, Directory, NotContentIndexed","DESKTOP-RVD6TK8\User"
"INetCookies",,,"2025-08-27 6:08:29 PM","2025-10-03 5:44:42 AM","Hidden, System, Directory, NotContentIndexed","DESKTOP-RVD6TK8\User"
"ESE",,,"2025-08-27 6:08:29 PM","2025-10-03 5:44:42 AM","Hidden, System, Directory, NotContentIndexed","DESKTOP-RVD6TK8\User"
"container.dat","C:\Users\User\AppData\Local\Packages\Microsoft.DesktopAppInstaller_8wekyb3d8bbwe\AC\INetCookies\ESE","0","2025-08-27 6:08:29 PM","2025-08-27 6:08:29 PM","Hidden, System, Archive, NotContentIndexed","DESKTOP-RVD6TK8\User"
"container.dat","C:\Users\User\AppData\Local\Packages\Microsoft.DesktopAppInstaller_8wekyb3d8bbwe\AC\INetCache","0","2025-08-27 6:08:29 PM","2025-08-27 6:08:29 PM","Hidden, System, Archive, NotContentIndexed","DESKTOP-RVD6TK8\User"
"ESE",,,"2025-08-27 5:11:03 PM","2025-10-03 5:44:42 AM","Hidden, System, Directory, NotContentIndexed","DESKTOP-RVD6TK8\User"
"INetCookies",,,"2025-08-27 5:11:03 PM","2025-10-03 5:44:42 AM","Hidden, System, Directory, NotContentIndexed","DESKTOP-RVD6TK8\User"
"container.dat","C:\Users\User\AppData\Local\Packages\Microsoft.LockApp_cw5n1h2txyewy\AC\INetCookies\ESE","0","2025-08-27 5:11:03 PM","2025-08-27 5:11:03 PM","Hidden, System, Archive, NotContentIndexed","DESKTOP-RVD6TK8\User"
"container.dat","C:\Users\User\AppData\Local\Packages\Microsoft.LockApp_cw5n1h2txyewy\AC\INetCache","0","2025-08-27 5:11:03 PM","2025-08-27 5:11:03 PM","Hidden, System, Archive, NotContentIndexed","DESKTOP-RVD6TK8\User"
"INetCookies",,,"2025-08-27 2:57:28 PM","2025-10-03 5:44:43 AM","Hidden, System, Directory, NotContentIndexed","DESKTOP-RVD6TK8\User"
"container.dat","C:\Users\User\AppData\Local\Packages\Microsoft.Windows.ShellExperienceHost_cw5n1h2txyewy\AC\INetCookies\ESE","0","2025-08-27 2:57:28 PM","2025-08-27 2:57:28 PM","Hidden, System, Archive, NotContentIndexed","DESKTOP-RVD6TK8\User"
"ESE",,,"2025-08-27 2:57:28 PM","2025-10-03 5:44:43 AM","Hidden, System, Directory, NotContentIndexed","DESKTOP-RVD6TK8\User"
"container.dat","C:\Users\User\AppData\Local\Packages\Microsoft.Windows.ShellExperienceHost_cw5n1h2txyewy\AC\INetCache","0","2025-08-27 2:57:28 PM","2025-08-27 2:57:28 PM","Hidden, System, Archive, NotContentIndexed","DESKTOP-RVD6TK8\User"
"History.IE5",,,"2025-08-27 10:44:54 AM","2025-10-03 5:44:43 AM","Hidden, System, Directory, NotContentIndexed","DESKTOP-RVD6TK8\User"
"INetHistory",,,"2025-08-27 10:44:54 AM","2025-10-03 5:44:43 AM","Hidden, System, Directory, NotContentIndexed","DESKTOP-RVD6TK8\User"
"INetCache",,,"2025-08-27 9:52:59 AM","2025-10-03 5:44:42 AM","Hidden, System, Directory, NotContentIndexed","DESKTOP-RVD6TK8\User"
"INetCookies",,,"2025-08-27 9:52:59 AM","2025-10-03 5:44:42 AM","Hidden, System, Directory, NotContentIndexed","DESKTOP-RVD6TK8\User"
"INetHistory",,,"2025-08-27 9:52:59 AM","2025-10-03 5:44:42 AM","Hidden, System, Directory, NotContentIndexed","DESKTOP-RVD6TK8\User"
"INetHistory",,,"2025-08-27 9:43:13 AM","2025-10-03 5:44:42 AM","Hidden, System, Directory, NotContentIndexed","DESKTOP-RVD6TK8\User"
"INetCookies",,,"2025-08-27 9:43:13 AM","2025-10-03 5:44:42 AM","Hidden, System, Directory, NotContentIndexed","DESKTOP-RVD6TK8\User"
"INetCache",,,"2025-08-27 9:43:13 AM","2025-10-03 5:44:42 AM","Hidden, System, Directory, NotContentIndexed","DESKTOP-RVD6TK8\User"
"INetCache",,,"2025-08-27 9:39:18 AM","2025-10-03 5:44:42 AM","Hidden, System, Directory, NotContentIndexed","DESKTOP-RVD6TK8\User"
"INetCookies",,,"2025-08-27 9:39:18 AM","2025-10-03 5:44:42 AM","Hidden, System, Directory, NotContentIndexed","DESKTOP-RVD6TK8\User"
"INetHistory",,,"2025-08-27 9:39:18 AM","2025-10-03 5:44:42 AM","Hidden, System, Directory, NotContentIndexed","DESKTOP-RVD6TK8\User"
"settings.dat.LOG2","C:\Users\User\AppData\Local\Packages\Microsoft.XboxIdentityProvider_8wekyb3d8bbwe\Settings","0","2025-08-27 9:36:23 AM","2025-08-27 9:36:23 AM","Hidden, System, Archive","DESKTOP-RVD6TK8\User"
"settings.dat.LOG1","C:\Users\User\AppData\Local\Packages\Microsoft.XboxIdentityProvider_8wekyb3d8bbwe\Settings","8192","2025-08-27 9:36:23 AM","2025-08-27 9:36:23 AM","Hidden, System, Archive","DESKTOP-RVD6TK8\User"
"settings.dat.LOG2","C:\Users\User\AppData\Local\Packages\Microsoft.XboxGameOverlay_8wekyb3d8bbwe\Settings","0","2025-08-27 9:35:21 AM","2025-08-27 9:35:21 AM","Hidden, System, Archive","DESKTOP-RVD6TK8\User"
"settings.dat.LOG1","C:\Users\User\AppData\Local\Packages\Microsoft.XboxGameOverlay_8wekyb3d8bbwe\Settings","8192","2025-08-27 9:35:21 AM","2025-08-27 9:35:21 AM","Hidden, System, Archive","DESKTOP-RVD6TK8\User"
"settings.dat.LOG1","C:\Users\User\AppData\Local\Packages\Microsoft.XboxSpeechToTextOverlay_8wekyb3d8bbwe\Settings","8192","2025-08-27 9:35:07 AM","2025-08-27 9:35:07 AM","Hidden, System, Archive","DESKTOP-RVD6TK8\User"
"settings.dat.LOG2","C:\Users\User\AppData\Local\Packages\Microsoft.XboxSpeechToTextOverlay_8wekyb3d8bbwe\Settings","0","2025-08-27 9:35:07 AM","2025-08-27 9:35:07 AM","Hidden, System, Archive","DESKTOP-RVD6TK8\User"
"container.dat","C:\Users\User\AppData\Local\Packages\Microsoft.Windows.Photos_8wekyb3d8bbwe\AC\INetCache","0","2025-08-27 7:52:56 AM","2025-08-27 7:52:56 AM","Hidden, System, Archive, NotContentIndexed","DESKTOP-RVD6TK8\User"
"container.dat","C:\Users\User\AppData\Local\Packages\Microsoft.Windows.Photos_8wekyb3d8bbwe\AC\INetCookies\ESE","0","2025-08-27 7:52:56 AM","2025-08-27 7:52:56 AM","Hidden, System, Archive, NotContentIndexed","DESKTOP-RVD6TK8\User"
"ESE",,,"2025-08-27 7:52:56 AM","2025-10-03 5:44:43 AM","Hidden, System, Directory, NotContentIndexed","DESKTOP-RVD6TK8\User"
"INetCookies",,,"2025-08-27 7:52:56 AM","2025-10-03 5:44:43 AM","Hidden, System, Directory, NotContentIndexed","DESKTOP-RVD6TK8\User"
"History.IE5",,,"2025-08-27 7:52:52 AM","2025-10-03 5:44:43 AM","Hidden, System, Directory, NotContentIndexed","DESKTOP-RVD6TK8\User"
"container.dat","C:\Users\User\AppData\Local\Packages\Microsoft.Windows.Photos_8wekyb3d8bbwe\AC\INetHistory\History.IE5","0","2025-08-27 7:52:52 AM","2025-08-27 7:52:52 AM","Hidden, System, Archive, NotContentIndexed","DESKTOP-RVD6TK8\User"
"INetHistory",,,"2025-08-27 7:52:52 AM","2025-10-03 5:44:43 AM","Hidden, System, Directory, NotContentIndexed","DESKTOP-RVD6TK8\User"
"UserClasses.dat.LOG1","C:\Users\User\AppData\Local\Packages\Microsoft.Windows.Photos_8wekyb3d8bbwe\SystemAppData\Helium","65536","2025-08-27 7:52:48 AM","2025-08-27 7:52:48 AM","Hidden, System, Archive","DESKTOP-RVD6TK8\User"
"UserClasses.dat.LOG2","C:\Users\User\AppData\Local\Packages\Microsoft.Windows.Photos_8wekyb3d8bbwe\SystemAppData\Helium","32768","2025-08-27 7:52:48 AM","2025-08-27 7:52:48 AM","Hidden, System, Archive","DESKTOP-RVD6TK8\User"
"User.dat.LOG1","C:\Users\User\AppData\Local\Packages\Microsoft.Windows.Photos_8wekyb3d8bbwe\SystemAppData\Helium","65536","2025-08-27 7:52:48 AM","2025-08-27 7:52:48 AM","Hidden, System, Archive","DESKTOP-RVD6TK8\User"
"User.dat.LOG2","C:\Users\User\AppData\Local\Packages\Microsoft.Windows.Photos_8wekyb3d8bbwe\SystemAppData\Helium","65536","2025-08-27 7:52:48 AM","2025-08-27 7:52:48 AM","Hidden, System, Archive","DESKTOP-RVD6TK8\User"
"settings.dat.LOG2","C:\Users\User\AppData\Local\Packages\Microsoft.YourPhone_8wekyb3d8bbwe\Settings","49152","2025-08-27 7:40:30 AM","2025-08-27 7:40:30 AM","Hidden, System, Archive","DESKTOP-RVD6TK8\User"
"settings.dat.LOG1","C:\Users\User\AppData\Local\Packages\Microsoft.YourPhone_8wekyb3d8bbwe\Settings","65536","2025-08-27 7:40:30 AM","2025-08-27 7:40:30 AM","Hidden, System, Archive","DESKTOP-RVD6TK8\User"
"INetCache",,,"2025-08-27 7:40:29 AM","2025-10-03 5:44:43 AM","Hidden, System, Directory, NotContentIndexed","DESKTOP-RVD6TK8\User"
"INetCookies",,,"2025-08-27 7:40:29 AM","2025-10-03 5:44:43 AM","Hidden, System, Directory, NotContentIndexed","DESKTOP-RVD6TK8\User"
"INetHistory",,,"2025-08-27 7:40:29 AM","2025-10-03 5:44:43 AM","Hidden, System, Directory, NotContentIndexed","DESKTOP-RVD6TK8\User"
"settings.dat.LOG1","C:\Users\User\AppData\Local\Packages\Microsoft.GetHelp_8wekyb3d8bbwe\Settings","8192","2025-08-27 7:40:28 AM","2025-08-27 7:40:28 AM","Hidden, System, Archive","DESKTOP-RVD6TK8\User"
"settings.dat.LOG2","C:\Users\User\AppData\Local\Packages\Microsoft.GetHelp_8wekyb3d8bbwe\Settings","0","2025-08-27 7:40:28 AM","2025-08-27 7:40:28 AM","Hidden, System, Archive","DESKTOP-RVD6TK8\User"
"INetCookies",,,"2025-08-27 7:40:27 AM","2025-10-03 5:44:43 AM","Hidden, System, Directory, NotContentIndexed","DESKTOP-RVD6TK8\User"
"INetHistory",,,"2025-08-27 7:40:27 AM","2025-10-03 5:44:43 AM","Hidden, System, Directory, NotContentIndexed","DESKTOP-RVD6TK8\User"
"INetCache",,,"2025-08-27 7:40:27 AM","2025-10-03 5:44:43 AM","Hidden, System, Directory, NotContentIndexed","DESKTOP-RVD6TK8\User"
"INetHistory",,,"2025-08-27 7:35:54 AM","2025-10-03 5:44:43 AM","Hidden, System, Directory, NotContentIndexed","DESKTOP-RVD6TK8\User"
"INetCache",,,"2025-08-27 7:35:54 AM","2025-10-03 5:44:43 AM","Hidden, System, Directory, NotContentIndexed","DESKTOP-RVD6TK8\User"
"INetCookies",,,"2025-08-27 7:35:54 AM","2025-10-03 5:44:43 AM","Hidden, System, Directory, NotContentIndexed","DESKTOP-RVD6TK8\User"
"settings.dat.LOG1","C:\Users\User\AppData\Local\Packages\Microsoft.HEIFImageExtension_8wekyb3d8bbwe\Settings","8192","2025-08-27 7:15:18 AM","2025-08-27 7:15:18 AM","Hidden, System, Archive","DESKTOP-RVD6TK8\User"
"settings.dat.LOG2","C:\Users\User\AppData\Local\Packages\Microsoft.HEIFImageExtension_8wekyb3d8bbwe\Settings","0","2025-08-27 7:15:18 AM","2025-08-27 7:15:18 AM","Hidden, System, Archive","DESKTOP-RVD6TK8\User"
"settings.dat.LOG2","C:\Users\User\AppData\Local\Packages\Microsoft.StorePurchaseApp_8wekyb3d8bbwe\Settings","0","2025-08-27 7:14:24 AM","2025-08-27 7:14:24 AM","Hidden, System, Archive","DESKTOP-RVD6TK8\User"
"settings.dat.LOG1","C:\Users\User\AppData\Local\Packages\Microsoft.StorePurchaseApp_8wekyb3d8bbwe\Settings","8192","2025-08-27 7:14:24 AM","2025-08-27 7:14:24 AM","Hidden, System, Archive","DESKTOP-RVD6TK8\User"
"settings.dat.LOG2","C:\Users\User\AppData\Local\Packages\Microsoft.XboxGamingOverlay_8wekyb3d8bbwe\Settings","0","2025-08-27 7:11:05 AM","2025-08-27 7:11:05 AM","Hidden, System, Archive","DESKTOP-RVD6TK8\User"
"settings.dat.LOG1","C:\Users\User\AppData\Local\Packages\Microsoft.XboxGamingOverlay_8wekyb3d8bbwe\Settings","16384","2025-08-27 7:11:05 AM","2025-08-27 7:11:05 AM","Hidden, System, Archive","DESKTOP-RVD6TK8\User"
"settings.dat.LOG1","C:\Users\User\AppData\Local\Packages\Microsoft.VP9VideoExtensions_8wekyb3d8bbwe\Settings","8192","2025-08-27 7:09:43 AM","2025-08-27 7:09:43 AM","Hidden, System, Archive","DESKTOP-RVD6TK8\User"
"settings.dat.LOG2","C:\Users\User\AppData\Local\Packages\Microsoft.VP9VideoExtensions_8wekyb3d8bbwe\Settings","0","2025-08-27 7:09:43 AM","2025-08-27 7:09:43 AM","Hidden, System, Archive","DESKTOP-RVD6TK8\User"
"settings.dat.LOG2","C:\Users\User\AppData\Local\Packages\Microsoft.WebpImageExtension_8wekyb3d8bbwe\Settings","0","2025-08-27 7:09:25 AM","2025-08-27 7:09:25 AM","Hidden, System, Archive","DESKTOP-RVD6TK8\User"
"settings.dat.LOG1","C:\Users\User\AppData\Local\Packages\Microsoft.WebpImageExtension_8wekyb3d8bbwe\Settings","8192","2025-08-27 7:09:25 AM","2025-08-27 7:09:25 AM","Hidden, System, Archive","DESKTOP-RVD6TK8\User"
"settings.dat.LOG2","C:\Users\User\AppData\Local\Packages\Microsoft.Getstarted_8wekyb3d8bbwe\Settings","0","2025-08-27 7:09:22 AM","2025-08-27 7:09:22 AM","Hidden, System, Archive","DESKTOP-RVD6TK8\User"
"settings.dat.LOG1","C:\Users\User\AppData\Local\Packages\Microsoft.Getstarted_8wekyb3d8bbwe\Settings","8192","2025-08-27 7:09:22 AM","2025-08-27 7:09:22 AM","Hidden, System, Archive","DESKTOP-RVD6TK8\User"
"INetCookies",,,"2025-08-27 7:09:22 AM","2025-10-03 5:44:42 AM","Hidden, System, Directory, NotContentIndexed","DESKTOP-RVD6TK8\User"
"INetCache",,,"2025-08-27 7:09:22 AM","2025-10-03 5:44:42 AM","Hidden, System, Directory, NotContentIndexed","DESKTOP-RVD6TK8\User"
"INetHistory",,,"2025-08-27 7:09:22 AM","2025-10-03 5:44:42 AM","Hidden, System, Directory, NotContentIndexed","DESKTOP-RVD6TK8\User"
"INetCache",,,"2025-08-26 2:48:51 PM","2025-10-03 5:44:43 AM","Hidden, System, Directory, NotContentIndexed","DESKTOP-RVD6TK8\User"
"INetCookies",,,"2025-08-26 2:48:51 PM","2025-10-03 5:44:43 AM","Hidden, System, Directory, NotContentIndexed","DESKTOP-RVD6TK8\User"
"INetHistory",,,"2025-08-26 2:48:51 PM","2025-10-03 5:44:43 AM","Hidden, System, Directory, NotContentIndexed","DESKTOP-RVD6TK8\User"
"settings.dat.LOG1","C:\Users\User\AppData\Local\Packages\1527c705-839a-4832-9118-54d4Bd6a0c89_cw5n1h2txyewy\Settings","8192","2025-08-26 2:46:02 PM","2025-08-26 2:46:02 PM","Hidden, System, Archive","DESKTOP-RVD6TK8\User"
"settings.dat.LOG2","C:\Users\User\AppData\Local\Packages\1527c705-839a-4832-9118-54d4Bd6a0c89_cw5n1h2txyewy\Settings","0","2025-08-26 2:46:02 PM","2025-08-26 2:46:02 PM","Hidden, System, Archive","DESKTOP-RVD6TK8\User"
"settings.dat.LOG1","C:\Users\User\AppData\Local\Packages\c5e2524a-ea46-4f67-841f-6a9465d9d515_cw5n1h2txyewy\Settings","8192","2025-08-26 2:46:02 PM","2025-08-26 2:46:02 PM","Hidden, System, Archive","DESKTOP-RVD6TK8\User"
"settings.dat.LOG2","C:\Users\User\AppData\Local\Packages\c5e2524a-ea46-4f67-841f-6a9465d9d515_cw5n1h2txyewy\Settings","0","2025-08-26 2:46:02 PM","2025-08-26 2:46:02 PM","Hidden, System, Archive","DESKTOP-RVD6TK8\User"
"settings.dat.LOG1","C:\Users\User\AppData\Local\Packages\E2A4F912-2574-4A75-9BB0-0D023378592B_cw5n1h2txyewy\Settings","8192","2025-08-26 2:46:01 PM","2025-08-26 2:46:01 PM","Hidden, System, Archive","DESKTOP-RVD6TK8\User"
"settings.dat.LOG2","C:\Users\User\AppData\Local\Packages\E2A4F912-2574-4A75-9BB0-0D023378592B_cw5n1h2txyewy\Settings","0","2025-08-26 2:46:01 PM","2025-08-26 2:46:01 PM","Hidden, System, Archive","DESKTOP-RVD6TK8\User"
"settings.dat.LOG2","C:\Users\User\AppData\Local\Packages\F46D4000-FD22-4DB4-AC8E-4E1DDDE828FE_cw5n1h2txyewy\Settings","0","2025-08-26 2:46:00 PM","2025-08-26 2:46:00 PM","Hidden, System, Archive","DESKTOP-RVD6TK8\User"
"settings.dat.LOG1","C:\Users\User\AppData\Local\Packages\F46D4000-FD22-4DB4-AC8E-4E1DDDE828FE_cw5n1h2txyewy\Settings","8192","2025-08-26 2:46:00 PM","2025-08-26 2:46:00 PM","Hidden, System, Archive","DESKTOP-RVD6TK8\User"
"settings.dat.LOG2","C:\Users\User\AppData\Local\Packages\Microsoft.AccountsControl_cw5n1h2txyewy\Settings","0","2025-08-26 2:46:00 PM","2025-08-26 2:46:00 PM","Hidden, System, Archive","DESKTOP-RVD6TK8\User"
"settings.dat.LOG1","C:\Users\User\AppData\Local\Packages\Microsoft.AccountsControl_cw5n1h2txyewy\Settings","8192","2025-08-26 2:46:00 PM","2025-08-26 2:46:00 PM","Hidden, System, Archive","DESKTOP-RVD6TK8\User"
"settings.dat.LOG1","C:\Users\User\AppData\Local\Packages\Microsoft.AsyncTextService_8wekyb3d8bbwe\Settings","8192","2025-08-26 2:45:59 PM","2025-08-26 2:45:59 PM","Hidden, System, Archive","DESKTOP-RVD6TK8\User"
"settings.dat.LOG2","C:\Users\User\AppData\Local\Packages\Microsoft.AsyncTextService_8wekyb3d8bbwe\Settings","0","2025-08-26 2:45:59 PM","2025-08-26 2:45:59 PM","Hidden, System, Archive","DESKTOP-RVD6TK8\User"
"settings.dat.LOG2","C:\Users\User\AppData\Local\Packages\Microsoft.CredDialogHost_cw5n1h2txyewy\Settings","0","2025-08-26 2:45:58 PM","2025-08-26 2:45:58 PM","Hidden, System, Archive","DESKTOP-RVD6TK8\User"
"settings.dat.LOG1","C:\Users\User\AppData\Local\Packages\Microsoft.CredDialogHost_cw5n1h2txyewy\Settings","8192","2025-08-26 2:45:58 PM","2025-08-26 2:45:58 PM","Hidden, System, Archive","DESKTOP-RVD6TK8\User"
"settings.dat.LOG2","C:\Users\User\AppData\Local\Packages\Microsoft.ECApp_8wekyb3d8bbwe\Settings","0","2025-08-26 2:45:58 PM","2025-08-26 2:45:58 PM","Hidden, System, Archive","DESKTOP-RVD6TK8\User"
"settings.dat.LOG1","C:\Users\User\AppData\Local\Packages\Microsoft.ECApp_8wekyb3d8bbwe\Settings","8192","2025-08-26 2:45:58 PM","2025-08-26 2:45:58 PM","Hidden, System, Archive","DESKTOP-RVD6TK8\User"
"settings.dat.LOG2","C:\Users\User\AppData\Local\Packages\Microsoft.MicrosoftEdgeDevToolsClient_8wekyb3d8bbwe\Settings","0","2025-08-26 2:45:57 PM","2025-08-26 2:45:57 PM","Hidden, System, Archive","DESKTOP-RVD6TK8\User"
"settings.dat.LOG1","C:\Users\User\AppData\Local\Packages\Microsoft.MicrosoftEdgeDevToolsClient_8wekyb3d8bbwe\Settings","8192","2025-08-26 2:45:57 PM","2025-08-26 2:45:57 PM","Hidden, System, Archive","DESKTOP-RVD6TK8\User"
"settings.dat.LOG2","C:\Users\User\AppData\Local\Packages\Microsoft.Win32WebViewHost_cw5n1h2txyewy\Settings","0","2025-08-26 2:45:56 PM","2025-08-26 2:45:56 PM","Hidden, System, Archive","DESKTOP-RVD6TK8\User"
"settings.dat.LOG1","C:\Users\User\AppData\Local\Packages\Microsoft.Win32WebViewHost_cw5n1h2txyewy\Settings","8192","2025-08-26 2:45:56 PM","2025-08-26 2:45:56 PM","Hidden, System, Archive","DESKTOP-RVD6TK8\User"
"settings.dat.LOG1","C:\Users\User\AppData\Local\Packages\Microsoft.Windows.Apprep.ChxApp_cw5n1h2txyewy\Settings","8192","2025-08-26 2:45:55 PM","2025-08-26 2:45:55 PM","Hidden, System, Archive","DESKTOP-RVD6TK8\User"
"settings.dat.LOG2","C:\Users\User\AppData\Local\Packages\Microsoft.Windows.Apprep.ChxApp_cw5n1h2txyewy\Settings","0","2025-08-26 2:45:55 PM","2025-08-26 2:45:55 PM","Hidden, System, Archive","DESKTOP-RVD6TK8\User"
"settings.dat.LOG2","C:\Users\User\AppData\Local\Packages\Microsoft.Windows.AssignedAccessLockApp_cw5n1h2txyewy\Settings","0","2025-08-26 2:45:55 PM","2025-08-26 2:45:55 PM","Hidden, System, Archive","DESKTOP-RVD6TK8\User"
"settings.dat.LOG1","C:\Users\User\AppData\Local\Packages\Microsoft.Windows.AssignedAccessLockApp_cw5n1h2txyewy\Settings","8192","2025-08-26 2:45:55 PM","2025-08-26 2:45:55 PM","Hidden, System, Archive","DESKTOP-RVD6TK8\User"
"settings.dat.LOG1","C:\Users\User\AppData\Local\Packages\Microsoft.Windows.CallingShellApp_cw5n1h2txyewy\Settings","8192","2025-08-26 2:45:54 PM","2025-08-26 2:45:54 PM","Hidden, System, Archive","DESKTOP-RVD6TK8\User"
"settings.dat.LOG2","C:\Users\User\AppData\Local\Packages\Microsoft.Windows.CallingShellApp_cw5n1h2txyewy\Settings","0","2025-08-26 2:45:54 PM","2025-08-26 2:45:54 PM","Hidden, System, Archive","DESKTOP-RVD6TK8\User"
"settings.dat.LOG1","C:\Users\User\AppData\Local\Packages\Microsoft.Windows.CapturePicker_cw5n1h2txyewy\Settings","8192","2025-08-26 2:45:54 PM","2025-08-26 2:45:54 PM","Hidden, System, Archive","DESKTOP-RVD6TK8\User"
"settings.dat.LOG2","C:\Users\User\AppData\Local\Packages\Microsoft.Windows.CapturePicker_cw5n1h2txyewy\Settings","0","2025-08-26 2:45:54 PM","2025-08-26 2:45:54 PM","Hidden, System, Archive","DESKTOP-RVD6TK8\User"
"settings.dat.LOG1","C:\Users\User\AppData\Local\Packages\Microsoft.Windows.NarratorQuickStart_8wekyb3d8bbwe\Settings","8192","2025-08-26 2:45:53 PM","2025-08-26 2:45:53 PM","Hidden, System, Archive","DESKTOP-RVD6TK8\User"
"settings.dat.LOG2","C:\Users\User\AppData\Local\Packages\Microsoft.Windows.NarratorQuickStart_8wekyb3d8bbwe\Settings","0","2025-08-26 2:45:53 PM","2025-08-26 2:45:53 PM","Hidden, System, Archive","DESKTOP-RVD6TK8\User"
"settings.dat.LOG2","C:\Users\User\AppData\Local\Packages\Microsoft.Windows.ParentalControls_cw5n1h2txyewy\Settings","0","2025-08-26 2:45:52 PM","2025-08-26 2:45:52 PM","Hidden, System, Archive","DESKTOP-RVD6TK8\User"
"settings.dat.LOG1","C:\Users\User\AppData\Local\Packages\Microsoft.Windows.ParentalControls_cw5n1h2txyewy\Settings","8192","2025-08-26 2:45:52 PM","2025-08-26 2:45:52 PM","Hidden, System, Archive","DESKTOP-RVD6TK8\User"
"settings.dat.LOG2","C:\Users\User\AppData\Local\Packages\Microsoft.Windows.PeopleExperienceHost_cw5n1h2txyewy\Settings","0","2025-08-26 2:45:52 PM","2025-08-26 2:45:52 PM","Hidden, System, Archive","DESKTOP-RVD6TK8\User"
"settings.dat.LOG1","C:\Users\User\AppData\Local\Packages\Microsoft.Windows.PeopleExperienceHost_cw5n1h2txyewy\Settings","8192","2025-08-26 2:45:52 PM","2025-08-26 2:45:52 PM","Hidden, System, Archive","DESKTOP-RVD6TK8\User"
"settings.dat.LOG1","C:\Users\User\AppData\Local\Packages\Microsoft.Windows.PinningConfirmationDialog_cw5n1h2txyewy\Settings","8192","2025-08-26 2:45:51 PM","2025-08-26 2:45:51 PM","Hidden, System, Archive","DESKTOP-RVD6TK8\User"
"settings.dat.LOG2","C:\Users\User\AppData\Local\Packages\Microsoft.Windows.PinningConfirmationDialog_cw5n1h2txyewy\Settings","0","2025-08-26 2:45:51 PM","2025-08-26 2:45:51 PM","Hidden, System, Archive","DESKTOP-RVD6TK8\User"
"settings.dat.LOG1","C:\Users\User\AppData\Local\Packages\Microsoft.Windows.SecHealthUI_cw5n1h2txyewy\Settings","8192","2025-08-26 2:45:50 PM","2025-08-26 2:45:50 PM","Hidden, System, Archive","DESKTOP-RVD6TK8\User"
"settings.dat.LOG2","C:\Users\User\AppData\Local\Packages\Microsoft.Windows.SecHealthUI_cw5n1h2txyewy\Settings","0","2025-08-26 2:45:50 PM","2025-08-26 2:45:50 PM","Hidden, System, Archive","DESKTOP-RVD6TK8\User"
"settings.dat.LOG1","C:\Users\User\AppData\Local\Packages\Microsoft.Windows.SecureAssessmentBrowser_cw5n1h2txyewy\Settings","8192","2025-08-26 2:45:49 PM","2025-08-26 2:45:49 PM","Hidden, System, Archive","DESKTOP-RVD6TK8\User"
"settings.dat.LOG2","C:\Users\User\AppData\Local\Packages\Microsoft.Windows.SecureAssessmentBrowser_cw5n1h2txyewy\Settings","0","2025-08-26 2:45:49 PM","2025-08-26 2:45:49 PM","Hidden, System, Archive","DESKTOP-RVD6TK8\User"
"settings.dat.LOG1","C:\Users\User\AppData\Local\Packages\Microsoft.Windows.XGpuEjectDialog_cw5n1h2txyewy\Settings","8192","2025-08-26 2:45:49 PM","2025-08-26 2:45:49 PM","Hidden, System, Archive","DESKTOP-RVD6TK8\User"
"settings.dat.LOG2","C:\Users\User\AppData\Local\Packages\Microsoft.Windows.XGpuEjectDialog_cw5n1h2txyewy\Settings","0","2025-08-26 2:45:49 PM","2025-08-26 2:45:49 PM","Hidden, System, Archive","DESKTOP-RVD6TK8\User"
"settings.dat.LOG1","C:\Users\User\AppData\Local\Packages\Microsoft.XboxGameCallableUI_cw5n1h2txyewy\Settings","8192","2025-08-26 2:45:48 PM","2025-08-26 2:45:48 PM","Hidden, System, Archive","DESKTOP-RVD6TK8\User"
"settings.dat.LOG2","C:\Users\User\AppData\Local\Packages\Microsoft.XboxGameCallableUI_cw5n1h2txyewy\Settings","0","2025-08-26 2:45:48 PM","2025-08-26 2:45:48 PM","Hidden, System, Archive","DESKTOP-RVD6TK8\User"
"settings.dat.LOG1","C:\Users\User\AppData\Local\Packages\NcsiUwpApp_8wekyb3d8bbwe\Settings","8192","2025-08-26 2:45:47 PM","2025-08-26 2:45:47 PM","Hidden, System, Archive","DESKTOP-RVD6TK8\User"
"settings.dat.LOG2","C:\Users\User\AppData\Local\Packages\NcsiUwpApp_8wekyb3d8bbwe\Settings","0","2025-08-26 2:45:47 PM","2025-08-26 2:45:47 PM","Hidden, System, Archive","DESKTOP-RVD6TK8\User"
"settings.dat.LOG1","C:\Users\User\AppData\Local\Packages\Windows.CBSPreview_cw5n1h2txyewy\Settings","8192","2025-08-26 2:45:47 PM","2025-08-26 2:45:47 PM","Hidden, System, Archive","DESKTOP-RVD6TK8\User"
"settings.dat.LOG2","C:\Users\User\AppData\Local\Packages\Windows.CBSPreview_cw5n1h2txyewy\Settings","0","2025-08-26 2:45:47 PM","2025-08-26 2:45:47 PM","Hidden, System, Archive","DESKTOP-RVD6TK8\User"
"settings.dat.LOG1","C:\Users\User\AppData\Local\Packages\MicrosoftWindows.UndockedDevKit_cw5n1h2txyewy\Settings","8192","2025-08-26 2:45:10 PM","2025-08-26 2:45:10 PM","Hidden, System, Archive","DESKTOP-RVD6TK8\User"
"settings.dat.LOG2","C:\Users\User\AppData\Local\Packages\MicrosoftWindows.UndockedDevKit_cw5n1h2txyewy\Settings","0","2025-08-26 2:45:10 PM","2025-08-26 2:45:10 PM","Hidden, System, Archive","DESKTOP-RVD6TK8\User"
"settings.dat.LOG1","C:\Users\User\AppData\Local\Packages\Microsoft.Windows.OOBENetworkCaptivePortal_cw5n1h2txyewy\Settings","8192","2025-08-26 2:45:10 PM","2025-08-26 2:45:10 PM","Hidden, System, Archive","DESKTOP-RVD6TK8\User"
"settings.dat.LOG2","C:\Users\User\AppData\Local\Packages\Microsoft.Windows.OOBENetworkCaptivePortal_cw5n1h2txyewy\Settings","0","2025-08-26 2:45:10 PM","2025-08-26 2:45:10 PM","Hidden, System, Archive","DESKTOP-RVD6TK8\User"
"settings.dat.LOG1","C:\Users\User\AppData\Local\Packages\Microsoft.Windows.OOBENetworkConnectionFlow_cw5n1h2txyewy\Settings","8192","2025-08-26 2:45:09 PM","2025-08-26 2:45:09 PM","Hidden, System, Archive","DESKTOP-RVD6TK8\User"
"settings.dat.LOG2","C:\Users\User\AppData\Local\Packages\Microsoft.Windows.OOBENetworkConnectionFlow_cw5n1h2txyewy\Settings","0","2025-08-26 2:45:09 PM","2025-08-26 2:45:09 PM","Hidden, System, Archive","DESKTOP-RVD6TK8\User"
"settings.dat.LOG2","C:\Users\User\AppData\Local\Packages\Microsoft.BioEnrollment_cw5n1h2txyewy\Settings","0","2025-08-26 2:45:07 PM","2025-08-26 2:45:07 PM","Hidden, System, Archive","DESKTOP-RVD6TK8\User"
"settings.dat.LOG1","C:\Users\User\AppData\Local\Packages\Microsoft.BioEnrollment_cw5n1h2txyewy\Settings","8192","2025-08-26 2:45:07 PM","2025-08-26 2:45:07 PM","Hidden, System, Archive","DESKTOP-RVD6TK8\User"
"desktop.ini","C:\Users\User\Favorites\Links","80","2025-08-26 2:45:03 PM","2025-09-29 9:22:15 AM","Hidden, System","DESKTOP-RVD6TK8\User"
"INetCookies",,,"2025-08-25 5:39:11 PM","2025-10-03 5:44:42 AM","Hidden, System, Directory, NotContentIndexed","DESKTOP-RVD6TK8\User"
"INetHistory",,,"2025-08-25 5:39:11 PM","2025-10-03 5:44:42 AM","Hidden, System, Directory, NotContentIndexed","DESKTOP-RVD6TK8\User"
"INetCache",,,"2025-08-25 5:39:11 PM","2025-10-03 5:44:42 AM","Hidden, System, Directory, NotContentIndexed","DESKTOP-RVD6TK8\User"
"container.dat","C:\Users\User\AppData\Local\Microsoft\Windows\AppCache\KDOZWAE3","0","2025-08-25 1:17:54 PM","2025-08-25 1:17:54 PM","Hidden, System, Archive, NotContentIndexed","DESKTOP-RVD6TK8\User"
"container.dat","C:\Users\User\AppData\Local\Microsoft\Windows\AppCache","0","2025-08-25 1:17:54 PM","2025-08-25 1:17:54 PM","Hidden, System, Archive, NotContentIndexed","DESKTOP-RVD6TK8\User"
"KDOZWAE3",,,"2025-08-25 1:17:54 PM","2025-10-03 5:44:42 AM","Hidden, System, Directory, NotContentIndexed","DESKTOP-RVD6TK8\User"
"AppCache",,,"2025-08-25 1:17:54 PM","2025-10-03 5:44:42 AM","Hidden, System, Directory, NotContentIndexed","DESKTOP-RVD6TK8\User"
"settings.dat.LOG2","C:\Users\User\AppData\Local\Packages\Microsoft.MicrosoftEdge.Stable_8wekyb3d8bbwe\Settings","0","2025-08-25 1:16:27 PM","2025-08-25 1:16:27 PM","Hidden, System, Archive","DESKTOP-RVD6TK8\User"
"settings.dat.LOG1","C:\Users\User\AppData\Local\Packages\Microsoft.MicrosoftEdge.Stable_8wekyb3d8bbwe\Settings","8192","2025-08-25 1:16:27 PM","2025-08-25 8:56:36 PM","Hidden, System, Archive","DESKTOP-RVD6TK8\User"
"settings.dat.LOG1","C:\Users\User\AppData\Local\Packages\Microsoft.DesktopAppInstaller_8wekyb3d8bbwe\Settings","8192","2025-08-25 6:44:15 AM","2025-08-25 8:56:36 PM","Hidden, System, Archive","DESKTOP-RVD6TK8\User"
"settings.dat.LOG2","C:\Users\User\AppData\Local\Packages\Microsoft.DesktopAppInstaller_8wekyb3d8bbwe\Settings","0","2025-08-25 6:44:15 AM","2025-08-25 6:44:15 AM","Hidden, System, Archive","DESKTOP-RVD6TK8\User"
"UserClasses.dat.LOG2","C:\Users\User\AppData\Local\Packages\Microsoft.DesktopAppInstaller_8wekyb3d8bbwe\SystemAppData\Helium","0","2025-08-25 1:30:09 AM","2025-08-25 1:30:09 AM","Hidden, System, Archive","DESKTOP-RVD6TK8\User"
"User.dat.LOG2","C:\Users\User\AppData\Local\Packages\Microsoft.DesktopAppInstaller_8wekyb3d8bbwe\SystemAppData\Helium","0","2025-08-25 1:30:09 AM","2025-08-25 1:30:09 AM","Hidden, System, Archive","DESKTOP-RVD6TK8\User"
"UserClasses.dat.LOG1","C:\Users\User\AppData\Local\Packages\Microsoft.DesktopAppInstaller_8wekyb3d8bbwe\SystemAppData\Helium","8192","2025-08-25 1:30:09 AM","2025-08-25 8:56:36 PM","Hidden, System, Archive","DESKTOP-RVD6TK8\User"
"User.dat.LOG1","C:\Users\User\AppData\Local\Packages\Microsoft.DesktopAppInstaller_8wekyb3d8bbwe\SystemAppData\Helium","8192","2025-08-25 1:30:09 AM","2025-08-25 8:56:36 PM","Hidden, System, Archive","DESKTOP-RVD6TK8\User"
"ESE",,,"2025-08-25 1:06:51 AM","2025-10-03 5:44:43 AM","Hidden, System, Directory, NotContentIndexed","DESKTOP-RVD6TK8\User"
"container.dat","C:\Users\User\AppData\Local\Packages\Microsoft.WindowsStore_8wekyb3d8bbwe\AC\INetCookies\ESE","0","2025-08-25 1:06:51 AM","2025-08-25 1:06:51 AM","Hidden, System, Archive, NotContentIndexed","DESKTOP-RVD6TK8\User"
"container.dat","C:\Users\User\AppData\Local\Packages\Microsoft.WindowsStore_8wekyb3d8bbwe\AC\INetCache","0","2025-08-25 1:06:51 AM","2025-08-25 1:06:51 AM","Hidden, System, Archive, NotContentIndexed","DESKTOP-RVD6TK8\User"
"settings.dat.LOG2","C:\Users\User\AppData\Local\Packages\MicrosoftWindows.Client.CBS_cw5n1h2txyewy\Settings","16384","2025-08-25 12:59:28 AM","2025-08-25 12:59:28 AM","Hidden, System, Archive","DESKTOP-RVD6TK8\User"
"settings.dat.LOG1","C:\Users\User\AppData\Local\Packages\MicrosoftWindows.Client.CBS_cw5n1h2txyewy\Settings","16384","2025-08-25 12:59:28 AM","2025-08-25 12:59:28 AM","Hidden, System, Archive","DESKTOP-RVD6TK8\User"
"desktop.ini","C:\Users\User\Pictures\Screenshots","190","2025-08-25 12:56:42 AM","2025-10-03 4:57:59 AM","Hidden, System","DESKTOP-RVD6TK8\User"
"settings.dat.LOG2","C:\Users\User\AppData\Local\Packages\Microsoft.LockApp_cw5n1h2txyewy\Settings","0","2025-08-25 12:54:46 AM","2025-08-25 12:54:46 AM","Hidden, System, Archive","DESKTOP-RVD6TK8\User"
"settings.dat.LOG1","C:\Users\User\AppData\Local\Packages\Microsoft.LockApp_cw5n1h2txyewy\Settings","8192","2025-08-25 12:54:46 AM","2025-08-25 12:54:46 AM","Hidden, System, Archive","DESKTOP-RVD6TK8\User"
"INetHistory",,,"2025-08-25 12:54:45 AM","2025-10-03 5:44:42 AM","Hidden, System, Directory, NotContentIndexed","DESKTOP-RVD6TK8\User"
"desktop.ini","C:\Users\User\AppData\Roaming\Microsoft\Windows\Libraries","451","2025-08-25 12:25:27 AM","2025-10-03 5:32:34 AM","Hidden, System","DESKTOP-RVD6TK8\User"
"desktop.ini","C:\Users\User\Pictures\Saved Pictures","190","2025-08-25 12:25:27 AM","2025-10-03 5:32:34 AM","Hidden, System","DESKTOP-RVD6TK8\User"
"desktop.ini","C:\Users\User\Pictures\Camera Roll","190","2025-08-25 12:25:26 AM","2025-10-03 5:32:34 AM","Hidden, System","DESKTOP-RVD6TK8\User"
"settings.dat.LOG1","C:\Users\User\AppData\Local\Packages\Microsoft.WindowsStore_8wekyb3d8bbwe\Settings","65536","2025-08-25 12:25:26 AM","2025-08-25 12:25:26 AM","Hidden, System, Archive","DESKTOP-RVD6TK8\User"
"settings.dat.LOG2","C:\Users\User\AppData\Local\Packages\Microsoft.WindowsStore_8wekyb3d8bbwe\Settings","32768","2025-08-25 12:25:26 AM","2025-08-25 12:25:26 AM","Hidden, System, Archive","DESKTOP-RVD6TK8\User"
"settings.dat.LOG1","C:\Users\User\AppData\Local\Packages\Microsoft.Windows.Photos_8wekyb3d8bbwe\Settings","0","2025-08-25 12:25:26 AM","2025-08-25 8:56:37 PM","Hidden, System, Archive","DESKTOP-RVD6TK8\User"
"settings.dat.LOG2","C:\Users\User\AppData\Local\Packages\Microsoft.Windows.Photos_8wekyb3d8bbwe\Settings","0","2025-08-25 12:25:26 AM","2025-08-25 8:56:37 PM","Hidden, System, Archive","DESKTOP-RVD6TK8\User"
"settings.dat.LOG1","C:\Users\User\AppData\Local\Packages\Microsoft.Windows.ShellExperienceHost_cw5n1h2txyewy\Settings","65536","2025-08-25 12:25:25 AM","2025-08-25 12:25:25 AM","Hidden, System, Archive","DESKTOP-RVD6TK8\User"
"settings.dat.LOG2","C:\Users\User\AppData\Local\Packages\Microsoft.Windows.ShellExperienceHost_cw5n1h2txyewy\Settings","65536","2025-08-25 12:25:25 AM","2025-08-25 12:25:25 AM","Hidden, System, Archive","DESKTOP-RVD6TK8\User"
"desktop.ini","C:\Users\User\AppData\Local\Microsoft\Windows\Burn\Burn","174","2025-08-25 12:25:24 AM","2025-10-02 8:58:08 PM","Hidden, System","DESKTOP-RVD6TK8\User"
"desktop.ini","C:\Users\User\AppData\Roaming\Microsoft\Windows\SendTo","694","2025-08-25 12:25:23 AM","2025-10-03 5:32:34 AM","Hidden, System","DESKTOP-RVD6TK8\User"
"desktop.ini","C:\Users\User\AppData\Roaming\Microsoft\Internet Explorer\Quick Launch\User Pinned\TaskBar","83","2025-08-25 12:25:23 AM","2025-10-02 8:58:13 PM","Hidden, System","DESKTOP-RVD6TK8\User"
"User Pinned",,,"2025-08-25 12:25:23 AM","2025-10-03 5:44:49 AM","Hidden, Directory","DESKTOP-RVD6TK8\User"
"GKB8CN4B",,,"2025-08-25 12:24:23 AM","2025-10-03 5:44:43 AM","Hidden, System, Directory, NotContentIndexed","DESKTOP-RVD6TK8\User"
"J6OP3AAQ",,,"2025-08-25 12:24:23 AM","2025-10-03 5:44:43 AM","Hidden, System, Directory, NotContentIndexed","DESKTOP-RVD6TK8\User"
"FNY5IVJL",,,"2025-08-25 12:24:23 AM","2025-10-03 5:44:43 AM","Hidden, System, Directory, NotContentIndexed","DESKTOP-RVD6TK8\User"
"container.dat","C:\Users\User\AppData\Local\Packages\Microsoft.Windows.Search_cw5n1h2txyewy\AC\Microsoft\Internet Explorer\DOMStore","0","2025-08-25 12:24:23 AM","2025-08-25 12:24:23 AM","Hidden, System, Archive, NotContentIndexed","DESKTOP-RVD6TK8\User"
"container.dat","C:\Users\User\AppData\Local\Packages\Microsoft.Windows.Search_cw5n1h2txyewy\AC\INetCache","0","2025-08-25 12:24:23 AM","2025-08-25 12:24:23 AM","Hidden, System, Archive, NotContentIndexed","DESKTOP-RVD6TK8\User"
"container.dat","C:\Users\User\AppData\Local\Packages\Microsoft.Windows.Search_cw5n1h2txyewy\AC\AppCache\PANNJI6E","0","2025-08-25 12:24:22 AM","2025-08-25 12:24:22 AM","Hidden, System, Archive, NotContentIndexed","DESKTOP-RVD6TK8\User"
"container.dat","C:\Users\User\AppData\Local\Packages\Microsoft.Windows.Search_cw5n1h2txyewy\AC\AppCache","0","2025-08-25 12:24:22 AM","2025-08-25 12:24:22 AM","Hidden, System, Archive, NotContentIndexed","DESKTOP-RVD6TK8\User"
"INetCookies",,,"2025-08-25 12:24:21 AM","2025-10-03 5:44:43 AM","Hidden, System, Directory, NotContentIndexed","DESKTOP-RVD6TK8\User"
"ESE",,,"2025-08-25 12:24:21 AM","2025-10-03 5:44:43 AM","Hidden, System, Directory, NotContentIndexed","DESKTOP-RVD6TK8\User"
"container.dat","C:\Users\User\AppData\Local\Packages\Microsoft.Windows.ContentDeliveryManager_cw5n1h2txyewy\AC\INetCookies\ESE","0","2025-08-25 12:24:21 AM","2025-08-25 12:24:21 AM","Hidden, System, Archive, NotContentIndexed","DESKTOP-RVD6TK8\User"
"container.dat","C:\Users\User\AppData\Local\Packages\Microsoft.Windows.ContentDeliveryManager_cw5n1h2txyewy\AC\INetCache","0","2025-08-25 12:24:21 AM","2025-08-25 12:24:21 AM","Hidden, System, Archive, NotContentIndexed","DESKTOP-RVD6TK8\User"
"INetCache",,,"2025-08-25 12:24:20 AM","2025-10-03 5:44:43 AM","Hidden, System, Directory, NotContentIndexed","DESKTOP-RVD6TK8\User"
"INetHistory",,,"2025-08-25 12:24:20 AM","2025-10-03 5:44:43 AM","Hidden, System, Directory, NotContentIndexed","DESKTOP-RVD6TK8\User"
"INetCookies",,,"2025-08-25 12:24:20 AM","2025-10-03 5:44:43 AM","Hidden, System, Directory, NotContentIndexed","DESKTOP-RVD6TK8\User"
"INetCookies",,,"2025-08-25 12:24:20 AM","2025-10-03 5:44:43 AM","Hidden, System, Directory, NotContentIndexed","DESKTOP-RVD6TK8\User"
"INetCookies",,,"2025-08-25 12:24:19 AM","2025-10-03 5:44:42 AM","Hidden, System, Directory, NotContentIndexed","DESKTOP-RVD6TK8\User"
"INetHistory",,,"2025-08-25 12:24:19 AM","2025-10-03 5:44:42 AM","Hidden, System, Directory, NotContentIndexed","DESKTOP-RVD6TK8\User"
"INetCache",,,"2025-08-25 12:24:19 AM","2025-10-03 5:44:42 AM","Hidden, System, Directory, NotContentIndexed","DESKTOP-RVD6TK8\User"
"INetHistory",,,"2025-08-25 12:24:19 AM","2025-10-03 5:44:42 AM","Hidden, System, Directory, NotContentIndexed","DESKTOP-RVD6TK8\User"
"INetCookies",,,"2025-08-25 12:24:19 AM","2025-10-03 5:44:42 AM","Hidden, System, Directory, NotContentIndexed","DESKTOP-RVD6TK8\User"
"INetCache",,,"2025-08-25 12:24:19 AM","2025-10-03 5:44:42 AM","Hidden, System, Directory, NotContentIndexed","DESKTOP-RVD6TK8\User"
"INetCache",,,"2025-08-25 12:24:19 AM","2025-10-03 5:44:42 AM","Hidden, System, Directory, NotContentIndexed","DESKTOP-RVD6TK8\User"
"INetHistory",,,"2025-08-25 12:24:19 AM","2025-10-03 5:44:42 AM","Hidden, System, Directory, NotContentIndexed","DESKTOP-RVD6TK8\User"
"INetCookies",,,"2025-08-25 12:24:19 AM","2025-10-03 5:44:42 AM","Hidden, System, Directory, NotContentIndexed","DESKTOP-RVD6TK8\User"
"settings.dat.LOG2","C:\Users\User\AppData\Local\Packages\Microsoft.Windows.ContentDeliveryManager_cw5n1h2txyewy\Settings","0","2025-08-25 12:24:16 AM","2025-08-25 12:24:16 AM","Hidden, System, Archive","DESKTOP-RVD6TK8\User"
"settings.dat.LOG1","C:\Users\User\AppData\Local\Packages\Microsoft.Windows.ContentDeliveryManager_cw5n1h2txyewy\Settings","40960","2025-08-25 12:24:16 AM","2025-08-25 8:56:36 PM","Hidden, System, Archive","DESKTOP-RVD6TK8\User"
"INetCookies",,,"2025-08-25 12:24:15 AM","2025-10-03 5:44:42 AM","Hidden, System, Directory, NotContentIndexed","DESKTOP-RVD6TK8\User"
"INetHistory",,,"2025-08-25 12:24:15 AM","2025-10-03 5:44:42 AM","Hidden, System, Directory, NotContentIndexed","DESKTOP-RVD6TK8\User"
"INetCache",,,"2025-08-25 12:24:15 AM","2025-10-03 5:44:42 AM","Hidden, System, Directory, NotContentIndexed","DESKTOP-RVD6TK8\User"
"INetCache",,,"2025-08-25 12:24:15 AM","2025-10-03 5:44:42 AM","Hidden, System, Directory, NotContentIndexed","DESKTOP-RVD6TK8\User"
"INetCookies",,,"2025-08-25 12:24:15 AM","2025-10-03 5:44:42 AM","Hidden, System, Directory, NotContentIndexed","DESKTOP-RVD6TK8\User"
"INetHistory",,,"2025-08-25 12:24:15 AM","2025-10-03 5:44:42 AM","Hidden, System, Directory, NotContentIndexed","DESKTOP-RVD6TK8\User"
"INetCache",,,"2025-08-25 12:24:15 AM","2025-10-03 5:44:42 AM","Hidden, System, Directory, NotContentIndexed","DESKTOP-RVD6TK8\User"
"INetCookies",,,"2025-08-25 12:24:15 AM","2025-10-03 5:44:42 AM","Hidden, System, Directory, NotContentIndexed","DESKTOP-RVD6TK8\User"
"INetHistory",,,"2025-08-25 12:24:15 AM","2025-10-03 5:44:42 AM","Hidden, System, Directory, NotContentIndexed","DESKTOP-RVD6TK8\User"
"INetCookies",,,"2025-08-25 12:24:15 AM","2025-10-03 5:44:42 AM","Hidden, System, Directory, NotContentIndexed","DESKTOP-RVD6TK8\User"
"INetCache",,,"2025-08-25 12:24:15 AM","2025-10-03 5:44:42 AM","Hidden, System, Directory, NotContentIndexed","DESKTOP-RVD6TK8\User"
"INetHistory",,,"2025-08-25 12:24:15 AM","2025-10-03 5:44:42 AM","Hidden, System, Directory, NotContentIndexed","DESKTOP-RVD6TK8\User"
"INetHistory",,,"2025-08-25 12:24:15 AM","2025-10-03 5:44:43 AM","Hidden, System, Directory, NotContentIndexed","DESKTOP-RVD6TK8\User"
"INetCache",,,"2025-08-25 12:24:15 AM","2025-10-03 5:44:43 AM","Hidden, System, Directory, NotContentIndexed","DESKTOP-RVD6TK8\User"
"INetCookies",,,"2025-08-25 12:24:15 AM","2025-10-03 5:44:43 AM","Hidden, System, Directory, NotContentIndexed","DESKTOP-RVD6TK8\User"
"INetHistory",,,"2025-08-25 12:24:15 AM","2025-10-03 5:44:43 AM","Hidden, System, Directory, NotContentIndexed","DESKTOP-RVD6TK8\User"
"INetCookies",,,"2025-08-25 12:24:15 AM","2025-10-03 5:44:43 AM","Hidden, System, Directory, NotContentIndexed","DESKTOP-RVD6TK8\User"
"INetCache",,,"2025-08-25 12:24:15 AM","2025-10-03 5:44:43 AM","Hidden, System, Directory, NotContentIndexed","DESKTOP-RVD6TK8\User"
"INetHistory",,,"2025-08-25 12:24:15 AM","2025-10-03 5:44:43 AM","Hidden, System, Directory, NotContentIndexed","DESKTOP-RVD6TK8\User"
"settings.dat.LOG2","C:\Users\User\AppData\Local\Packages\Microsoft.AAD.BrokerPlugin_cw5n1h2txyewy\Settings","0","2025-08-25 12:24:15 AM","2025-08-25 12:24:15 AM","Hidden, System, Archive","DESKTOP-RVD6TK8\User"
"settings.dat.LOG1","C:\Users\User\AppData\Local\Packages\Microsoft.AAD.BrokerPlugin_cw5n1h2txyewy\Settings","8192","2025-08-25 12:24:15 AM","2025-08-25 8:56:36 PM","Hidden, System, Archive","DESKTOP-RVD6TK8\User"
"ESE",,,"2025-08-25 12:24:14 AM","2025-10-03 5:44:42 AM","Hidden, System, Directory, NotContentIndexed","DESKTOP-RVD6TK8\User"
"container.dat","C:\Users\User\AppData\Local\Microsoft\Windows\INetCookies\ESE","0","2025-08-25 12:24:14 AM","2025-08-25 12:24:14 AM","Hidden, System, Archive, NotContentIndexed","DESKTOP-RVD6TK8\User"
"desktop.ini","C:\Users\User\Links","504","2025-08-25 12:24:12 AM","2025-10-03 2:58:01 AM","Hidden, System","DESKTOP-RVD6TK8\User"
"desktop.ini","C:\Users\User\Searches","524","2025-08-25 12:24:12 AM","2025-10-03 2:58:01 AM","Hidden, System","DESKTOP-RVD6TK8\User"
"Everywhere.search-ms","C:\Users\User\Searches","248","2025-08-25 12:24:12 AM","2025-09-08 12:03:59 AM","ReadOnly, Hidden, Archive","DESKTOP-RVD6TK8\User"
"Indexed Locations.search-ms","C:\Users\User\Searches","248","2025-08-25 12:24:12 AM","2025-09-08 12:03:59 AM","ReadOnly, Hidden, Archive","DESKTOP-RVD6TK8\User"
"desktop.ini","C:\Users\User\Saved Games","282","2025-08-25 12:24:12 AM","2025-10-03 2:58:01 AM","Hidden, System, Archive","DESKTOP-RVD6TK8\User"
"desktop.ini","C:\Users\User\Documents","402","2025-08-25 12:24:12 AM","2025-10-03 5:59:15 AM","Hidden, System, Archive","DESKTOP-RVD6TK8\User"
"desktop.ini","C:\Users\User\AppData\Roaming\Microsoft\Windows\Start Menu\Programs\Startup","174","2025-08-25 12:24:12 AM","2025-10-02 8:58:13 PM","Hidden, System","DESKTOP-RVD6TK8\User"
"desktop.ini","C:\Users\User\AppData\Roaming\Microsoft\Windows\Start Menu\Programs\Administrative Tools","174","2025-08-25 12:24:12 AM","2025-10-02 8:58:13 PM","Hidden, System","DESKTOP-RVD6TK8\User"
"desktop.ini","C:\Users\User\AppData\Roaming\Microsoft\Windows\AccountPictures","196","2025-08-25 12:24:12 AM","2025-09-28 2:16:09 AM","Hidden, System","DESKTOP-RVD6TK8\User"
"desktop.ini","C:\Users\User\Downloads","282","2025-08-25 12:24:12 AM","2025-10-03 5:59:15 AM","Hidden, System, Archive","DESKTOP-RVD6TK8\User"
"desktop.ini","C:\Users\User\Music","504","2025-08-25 12:24:12 AM","2025-10-03 5:31:25 AM","Hidden, System, Archive","DESKTOP-RVD6TK8\User"
"desktop.ini","C:\Users\User\AppData\Roaming\Microsoft\Windows\Recent","432","2025-08-25 12:24:12 AM","2025-10-03 5:32:44 AM","Hidden, System","DESKTOP-RVD6TK8\User"
"desktop.ini","C:\Users\User\AppData\Local\Microsoft\Windows\Application Shortcuts","174","2025-08-25 12:24:12 AM","2025-09-08 12:05:53 AM","Hidden, System","DESKTOP-RVD6TK8\User"
"desktop.ini","C:\Users\User\AppData\Roaming\Microsoft\Windows\Start Menu","174","2025-08-25 12:24:12 AM","2025-10-02 8:58:01 PM","Hidden, System","DESKTOP-RVD6TK8\User"
"desktop.ini","C:\Users\User\Videos","504","2025-08-25 12:24:12 AM","2025-10-03 5:31:25 AM","Hidden, System, Archive","DESKTOP-RVD6TK8\User"
"desktop.ini","C:\Users\User\Favorites","402","2025-08-25 12:24:12 AM","2025-10-03 2:58:01 AM","Hidden, System, Archive","DESKTOP-RVD6TK8\User"
"desktop.ini","C:\Users\User\Contacts","412","2025-08-25 12:24:12 AM","2025-10-03 2:58:01 AM","Hidden, System, Archive","DESKTOP-RVD6TK8\User"
"desktop.ini","C:\Users\User\Pictures","504","2025-08-25 12:24:12 AM","2025-10-03 5:31:25 AM","Hidden, System, Archive","DESKTOP-RVD6TK8\User"
"desktop.ini","C:\Users\User\Desktop","282","2025-08-25 12:24:12 AM","2025-10-03 5:59:10 AM","Hidden, System, Archive","DESKTOP-RVD6TK8\User"
"desktop.ini","C:\Users\User\3D Objects","298","2025-08-25 12:24:12 AM","2025-10-03 5:31:25 AM","Hidden, System, Archive","DESKTOP-RVD6TK8\User"
"container.dat","C:\Users\User\AppData\Local\Microsoft\Windows\History\History.IE5","0","2025-08-25 12:24:12 AM","2025-08-25 12:24:12 AM","Hidden, System, Archive, NotContentIndexed","DESKTOP-RVD6TK8\User"
"INetCookies",,,"2025-08-25 12:24:12 AM","2025-10-03 5:44:43 AM","Hidden, System, Directory, NotContentIndexed","DESKTOP-RVD6TK8\User"
"INetHistory",,,"2025-08-25 12:24:12 AM","2025-10-03 5:44:43 AM","Hidden, System, Directory, NotContentIndexed","DESKTOP-RVD6TK8\User"
"INetCache",,,"2025-08-25 12:24:12 AM","2025-10-03 5:44:43 AM","Hidden, System, Directory, NotContentIndexed","DESKTOP-RVD6TK8\User"
"Feeds Cache",,,"2025-08-25 12:24:12 AM","2025-10-03 5:44:39 AM","Hidden, System, Directory, NotContentIndexed","DESKTOP-RVD6TK8\User"
"WebCacheLock.dat","C:\Users\User\AppData\Local\Microsoft\Windows","0","2025-08-25 12:24:12 AM","2025-08-25 12:24:12 AM","Hidden, System, Archive","DESKTOP-RVD6TK8\User"
"Low",,,"2025-08-25 12:24:12 AM","2025-10-03 5:44:42 AM","Hidden, Directory, NotContentIndexed","DESKTOP-RVD6TK8\User"
"Low",,,"2025-08-25 12:24:12 AM","2025-10-03 5:44:42 AM","Hidden, Directory, NotContentIndexed","DESKTOP-RVD6TK8\User"
"INetCookies",,,"2025-08-25 12:24:12 AM","2025-10-03 5:44:43 AM","Hidden, System, Directory, NotContentIndexed","DESKTOP-RVD6TK8\User"
"INetHistory",,,"2025-08-25 12:24:12 AM","2025-10-03 5:44:43 AM","Hidden, System, Directory, NotContentIndexed","DESKTOP-RVD6TK8\User"
"INetCache",,,"2025-08-25 12:24:12 AM","2025-10-03 5:44:43 AM","Hidden, System, Directory, NotContentIndexed","DESKTOP-RVD6TK8\User"
"INetCookies",,,"2025-08-25 12:24:12 AM","2025-10-03 5:44:42 AM","Hidden, System, Directory, NotContentIndexed","DESKTOP-RVD6TK8\User"
"INetCache",,,"2025-08-25 12:24:12 AM","2025-10-03 5:44:42 AM","Hidden, System, Directory, NotContentIndexed","DESKTOP-RVD6TK8\User"
"INetHistory",,,"2025-08-25 12:24:12 AM","2025-10-03 5:44:42 AM","Hidden, System, Directory, NotContentIndexed","DESKTOP-RVD6TK8\User"
"desktop.ini","C:\Users\User\AppData\Roaming\Microsoft\Windows\Start Menu\Programs\Accessories","338","2025-08-25 12:24:12 AM","2025-10-02 8:58:13 PM","Hidden, System","DESKTOP-RVD6TK8\User"
"INetCache",,,"2025-08-25 12:24:12 AM","2025-10-03 5:44:43 AM","Hidden, System, Directory, NotContentIndexed","DESKTOP-RVD6TK8\User"
"INetHistory",,,"2025-08-25 12:24:12 AM","2025-10-03 5:44:43 AM","Hidden, System, Directory, NotContentIndexed","DESKTOP-RVD6TK8\User"
"INetCookies",,,"2025-08-25 12:24:12 AM","2025-10-03 5:44:43 AM","Hidden, System, Directory, NotContentIndexed","DESKTOP-RVD6TK8\User"
"INetHistory",,,"2025-08-25 12:24:11 AM","2025-10-03 5:44:43 AM","Hidden, System, Directory, NotContentIndexed","DESKTOP-RVD6TK8\User"
"INetHistory",,,"2025-08-25 12:24:11 AM","2025-10-03 5:44:42 AM","Hidden, System, Directory, NotContentIndexed","DESKTOP-RVD6TK8\User"
"INetCache",,,"2025-08-25 12:24:11 AM","2025-10-03 5:44:42 AM","Hidden, System, Directory, NotContentIndexed","DESKTOP-RVD6TK8\User"
"INetCookies",,,"2025-08-25 12:24:11 AM","2025-10-03 5:44:42 AM","Hidden, System, Directory, NotContentIndexed","DESKTOP-RVD6TK8\User"
"Preferred","C:\Users\User\AppData\Roaming\Microsoft\Protect\S-1-5-21-2059432068-349761349-3478041169-1001","24","2025-08-25 12:24:10 AM","2025-10-03 5:28:18 AM","Hidden, System, Archive","DESKTOP-RVD6TK8\User"
"86a6dc3a-be9e-4fb8-9999-2c1470c6a3f1","C:\Users\User\AppData\Roaming\Microsoft\Protect\S-1-5-21-2059432068-349761349-3478041169-1001","468","2025-08-25 12:24:10 AM","2025-10-02 8:57:58 PM","Hidden, System, Archive","DESKTOP-RVD6TK8\User"
"CREDHIST","C:\Users\User\AppData\Roaming\Microsoft\Protect","24","2025-08-25 12:24:10 AM","2025-10-02 8:57:58 PM","Hidden, System, Archive","DESKTOP-RVD6TK8\User"
"NTUSER.DAT{53b39e88-18c4-11ea-a811-000d3aa4692b}.TM.blf","C:\Users\User","65536","2025-08-25 12:24:09 AM","2025-08-25 8:55:17 PM","Hidden, System, Archive","NT AUTHORITY\SYSTEM"
"UsrClass.dat{1d8193fe-816b-11f0-a267-28b2bd7d5172}.TM.blf","C:\Users\User\AppData\Local\Microsoft\Windows","65536","2025-08-25 12:24:09 AM","2025-08-25 8:56:34 PM","Hidden, System, Archive","NT AUTHORITY\SYSTEM"
"My Pictures",,,"2025-08-25 12:23:56 AM","2025-08-25 12:23:56 AM","Hidden, System, Directory, ReparsePoint, NotContentIndexed","NT AUTHORITY\SYSTEM"
"My Music",,,"2025-08-25 12:23:56 AM","2025-08-25 12:23:56 AM","Hidden, System, Directory, ReparsePoint, NotContentIndexed","NT AUTHORITY\SYSTEM"
"My Videos",,,"2025-08-25 12:23:56 AM","2025-08-25 12:23:56 AM","Hidden, System, Directory, ReparsePoint, NotContentIndexed","NT AUTHORITY\SYSTEM"
"Recent",,,"2025-08-25 12:23:56 AM","2025-08-27 6:20:07 PM","Hidden, System, Directory, ReparsePoint, NotContentIndexed","NT AUTHORITY\SYSTEM"
"SendTo",,,"2025-08-25 12:23:56 AM","2025-08-27 6:20:07 PM","Hidden, System, Directory, ReparsePoint, NotContentIndexed","NT AUTHORITY\SYSTEM"
"Temporary Internet Files",,,"2025-08-25 12:23:56 AM","2025-08-27 6:15:13 PM","Hidden, System, Directory, ReparsePoint, NotContentIndexed","NT AUTHORITY\SYSTEM"
"PrintHood",,,"2025-08-25 12:23:56 AM","2025-08-27 6:20:07 PM","Hidden, System, Directory, ReparsePoint, NotContentIndexed","NT AUTHORITY\SYSTEM"
"Start Menu",,,"2025-08-25 12:23:56 AM","2025-08-27 6:20:07 PM","Hidden, System, Directory, ReparsePoint, NotContentIndexed","NT AUTHORITY\SYSTEM"
"Application Data",,,"2025-08-25 12:23:56 AM","2025-08-27 6:20:07 PM","Hidden, System, Directory, ReparsePoint, NotContentIndexed","NT AUTHORITY\SYSTEM"
"Temporary Internet Files",,,"2025-08-25 12:23:56 AM","2025-08-27 6:20:11 PM","Hidden, System, Directory, ReparsePoint, NotContentIndexed","NT AUTHORITY\SYSTEM"
"Templates",,,"2025-08-25 12:23:56 AM","2025-08-27 6:20:07 PM","Hidden, System, Directory, ReparsePoint, NotContentIndexed","NT AUTHORITY\SYSTEM"
"ntuser.ini","C:\Users\User","20","2025-08-25 12:23:56 AM","2025-08-27 6:20:00 PM","Hidden, System","NT AUTHORITY\SYSTEM"
"My Documents",,,"2025-08-25 12:23:56 AM","2025-08-27 6:20:07 PM","Hidden, System, Directory, ReparsePoint, NotContentIndexed","NT AUTHORITY\SYSTEM"
"NetHood",,,"2025-08-25 12:23:56 AM","2025-08-27 6:20:07 PM","Hidden, System, Directory, ReparsePoint, NotContentIndexed","NT AUTHORITY\SYSTEM"
"History",,,"2025-08-25 12:23:56 AM","2025-08-27 6:20:08 PM","Hidden, System, Directory, ReparsePoint, NotContentIndexed","NT AUTHORITY\SYSTEM"
"Application Data",,,"2025-08-25 12:23:56 AM","2025-08-27 6:20:00 PM","Hidden, System, Directory, ReparsePoint, NotContentIndexed","NT AUTHORITY\SYSTEM"
"Cookies",,,"2025-08-25 12:23:56 AM","2025-08-27 6:20:00 PM","Hidden, System, Directory, ReparsePoint, NotContentIndexed","NT AUTHORITY\SYSTEM"
"Local Settings",,,"2025-08-25 12:23:56 AM","2025-08-27 6:20:07 PM","Hidden, System, Directory, ReparsePoint, NotContentIndexed","NT AUTHORITY\SYSTEM"
"AppData",,,"2025-08-25 12:23:56 AM","2025-10-03 6:14:03 AM","Hidden, Directory","DESKTOP-RVD6TK8\User"
"UsrClass.dat.LOG2","C:\Users\User\AppData\Local\Microsoft\Windows","696320","2025-08-25 12:23:56 AM","2025-08-25 12:23:56 AM","Hidden, System, Archive","DESKTOP-RVD6TK8\User"
"UsrClass.dat.LOG1","C:\Users\User\AppData\Local\Microsoft\Windows","393216","2025-08-25 12:23:56 AM","2025-08-25 12:23:56 AM","Hidden, System, Archive","DESKTOP-RVD6TK8\User"
"UsrClass.dat{1d8193fe-816b-11f0-a267-28b2bd7d5172}.TMContainer00000000000000000001.regtrans-ms","C:\Users\User\AppData\Local\Microsoft\Windows","524288","2025-08-25 12:23:56 AM","2025-10-03 6:20:40 AM","Hidden, System, Archive","NT AUTHORITY\SYSTEM"
"UsrClass.dat{1d8193fe-816b-11f0-a267-28b2bd7d5172}.TMContainer00000000000000000002.regtrans-ms","C:\Users\User\AppData\Local\Microsoft\Windows","524288","2025-08-25 12:23:56 AM","2025-08-25 8:56:34 PM","Hidden, System, Archive","NT AUTHORITY\SYSTEM"
"NTUSER.DAT{53b39e88-18c4-11ea-a811-000d3aa4692b}.TMContainer00000000000000000002.regtrans-ms","C:\Users\User","524288","2025-08-25 12:23:56 AM","2025-08-25 8:55:17 PM","Hidden, System, Archive","NT AUTHORITY\SYSTEM"
"NTUSER.DAT{53b39e88-18c4-11ea-a811-000d3aa4692b}.TMContainer00000000000000000001.regtrans-ms","C:\Users\User","524288","2025-08-25 12:23:56 AM","2025-10-03 6:20:40 AM","Hidden, System, Archive","NT AUTHORITY\SYSTEM"
"ntuser.dat.LOG2","C:\Users\User","1232896","2025-08-25 12:23:56 AM","2025-08-25 12:23:56 AM","Hidden, System, Archive","DESKTOP-RVD6TK8\User"
"ntuser.dat.LOG1","C:\Users\User","151552","2025-08-25 12:23:56 AM","2025-08-25 12:23:56 AM","Hidden, System, Archive","DESKTOP-RVD6TK8\User"
"INetCache",,,"2025-08-24 6:41:53 PM","2025-10-03 5:44:43 AM","Hidden, System, Directory, NotContentIndexed","DESKTOP-RVD6TK8\User"
"container.dat","C:\Users\User\AppData\Local\Packages\Microsoft.Windows.CloudExperienceHost_cw5n1h2txyewy\AC\AppCache\G0QPQHMO","0","2025-08-24 6:22:44 PM","2025-08-24 6:22:44 PM","Hidden, System, Archive, NotContentIndexed","DESKTOP-RVD6TK8\User"
"G0QPQHMO",,,"2025-08-24 6:22:44 PM","2025-10-03 5:44:43 AM","Hidden, System, Directory, NotContentIndexed","DESKTOP-RVD6TK8\User"
"container.dat","C:\Users\User\AppData\Local\Packages\Microsoft.Windows.CloudExperienceHost_cw5n1h2txyewy\AC\AppCache","0","2025-08-24 6:22:44 PM","2025-08-24 6:22:44 PM","Hidden, System, Archive, NotContentIndexed","DESKTOP-RVD6TK8\User"
"container.dat","C:\Users\User\AppData\Local\Packages\Microsoft.Windows.CloudExperienceHost_cw5n1h2txyewy\AC\Microsoft\Internet Explorer\DOMStore","0","2025-08-24 6:22:43 PM","2025-08-24 6:22:43 PM","Hidden, System, Archive, NotContentIndexed","DESKTOP-RVD6TK8\User"
"container.dat","C:\Users\User\AppData\Local\Packages\Microsoft.Windows.CloudExperienceHost_cw5n1h2txyewy\AC\INetCache","0","2025-08-24 6:22:43 PM","2025-08-24 6:22:43 PM","Hidden, System, Archive, NotContentIndexed","DESKTOP-RVD6TK8\User"
"settings.dat.LOG2","C:\Users\User\AppData\Local\Packages\Microsoft.Windows.CloudExperienceHost_cw5n1h2txyewy\Settings","8192","2025-08-24 6:22:43 PM","2025-08-24 6:22:43 PM","Hidden, System, Archive","DESKTOP-RVD6TK8\User"
"settings.dat.LOG1","C:\Users\User\AppData\Local\Packages\Microsoft.Windows.CloudExperienceHost_cw5n1h2txyewy\Settings","8192","2025-08-24 6:22:43 PM","2025-08-25 8:56:36 PM","Hidden, System, Archive","DESKTOP-RVD6TK8\User"
"INetCookies",,,"2025-08-24 6:20:15 PM","2025-10-03 5:44:43 AM","Hidden, System, Directory, NotContentIndexed","DESKTOP-RVD6TK8\User"
"BackgroundTransferApiGroup",,,"2025-08-24 6:14:12 PM","2025-10-03 5:44:43 AM","Hidden, System, Directory, NotContentIndexed","DESKTOP-RVD6TK8\User"
"container.dat","C:\Users\User\AppData\Local\Packages\Microsoft.Windows.Search_cw5n1h2txyewy\AC\INetHistory\BackgroundTransferApiGroup","0","2025-08-24 6:14:12 PM","2025-08-24 6:14:12 PM","Hidden, System, Archive, NotContentIndexed","DESKTOP-RVD6TK8\User"
"BackgroundTransferApi",,,"2025-08-24 6:14:12 PM","2025-10-03 5:44:43 AM","Hidden, System, Directory, NotContentIndexed","DESKTOP-RVD6TK8\User"
"container.dat","C:\Users\User\AppData\Local\Packages\Microsoft.Windows.Search_cw5n1h2txyewy\AC\INetHistory\BackgroundTransferApi","0","2025-08-24 6:14:12 PM","2025-08-24 6:14:12 PM","Hidden, System, Archive, NotContentIndexed","DESKTOP-RVD6TK8\User"
"INetHistory",,,"2025-08-24 6:14:12 PM","2025-10-03 5:44:43 AM","Hidden, System, Directory, NotContentIndexed","DESKTOP-RVD6TK8\User"
"INetHistory",,,"2025-08-24 6:10:23 PM","2025-10-03 5:44:42 AM","Hidden, System, Directory, NotContentIndexed","DESKTOP-RVD6TK8\User"
"INetCookies",,,"2025-08-24 6:10:23 PM","2025-10-03 5:44:42 AM","Hidden, System, Directory, NotContentIndexed","DESKTOP-RVD6TK8\User"
"INetCache",,,"2025-08-24 6:10:23 PM","2025-10-03 5:44:42 AM","Hidden, System, Directory, NotContentIndexed","DESKTOP-RVD6TK8\User"
"INetHistory",,,"2025-08-24 6:10:22 PM","2025-10-03 5:44:42 AM","Hidden, System, Directory, NotContentIndexed","DESKTOP-RVD6TK8\User"
"INetCookies",,,"2025-08-24 6:10:22 PM","2025-10-03 5:44:42 AM","Hidden, System, Directory, NotContentIndexed","DESKTOP-RVD6TK8\User"
"INetCache",,,"2025-08-24 6:10:22 PM","2025-10-03 5:44:42 AM","Hidden, System, Directory, NotContentIndexed","DESKTOP-RVD6TK8\User"
"INetCache",,,"2025-08-24 6:10:20 PM","2025-10-03 5:44:42 AM","Hidden, System, Directory, NotContentIndexed","DESKTOP-RVD6TK8\User"
"INetHistory",,,"2025-08-24 6:10:20 PM","2025-10-03 5:44:42 AM","Hidden, System, Directory, NotContentIndexed","DESKTOP-RVD6TK8\User"
"INetCookies",,,"2025-08-24 6:10:20 PM","2025-10-03 5:44:42 AM","Hidden, System, Directory, NotContentIndexed","DESKTOP-RVD6TK8\User"
"DOMStore",,,"2025-08-24 6:10:18 PM","2025-10-03 5:44:39 AM","Hidden, System, Directory, NotContentIndexed","DESKTOP-RVD6TK8\User"
"INetHistory",,,"2025-08-24 6:10:10 PM","2025-10-03 5:44:42 AM","Hidden, System, Directory, NotContentIndexed","DESKTOP-RVD6TK8\User"
"INetHistory",,,"2025-08-24 6:10:06 PM","2025-10-03 5:44:42 AM","Hidden, System, Directory, NotContentIndexed","DESKTOP-RVD6TK8\User"
"INetCookies",,,"2025-08-24 6:10:06 PM","2025-10-03 5:44:42 AM","Hidden, System, Directory, NotContentIndexed","DESKTOP-RVD6TK8\User"
"INetCache",,,"2025-08-24 6:10:06 PM","2025-10-03 5:44:42 AM","Hidden, System, Directory, NotContentIndexed","DESKTOP-RVD6TK8\User"
"INetCache",,,"2025-08-24 6:10:05 PM","2025-10-03 5:44:42 AM","Hidden, System, Directory, NotContentIndexed","DESKTOP-RVD6TK8\User"
"INetCookies",,,"2025-08-24 6:10:05 PM","2025-10-03 5:44:42 AM","Hidden, System, Directory, NotContentIndexed","DESKTOP-RVD6TK8\User"
"INetHistory",,,"2025-08-24 6:10:05 PM","2025-10-03 5:44:42 AM","Hidden, System, Directory, NotContentIndexed","DESKTOP-RVD6TK8\User"
"INetCache",,,"2025-08-24 6:10:04 PM","2025-10-03 5:44:42 AM","Hidden, System, Directory, NotContentIndexed","DESKTOP-RVD6TK8\User"
"INetCookies",,,"2025-08-24 6:10:04 PM","2025-10-03 5:44:42 AM","Hidden, System, Directory, NotContentIndexed","DESKTOP-RVD6TK8\User"
"INetHistory",,,"2025-08-24 6:10:04 PM","2025-10-03 5:44:42 AM","Hidden, System, Directory, NotContentIndexed","DESKTOP-RVD6TK8\User"
"INetCache",,,"2025-08-24 6:10:02 PM","2025-10-03 5:44:42 AM","Hidden, System, Directory, NotContentIndexed","DESKTOP-RVD6TK8\User"
"INetHistory",,,"2025-08-24 6:10:02 PM","2025-10-03 5:44:42 AM","Hidden, System, Directory, NotContentIndexed","DESKTOP-RVD6TK8\User"
"INetCookies",,,"2025-08-24 6:10:02 PM","2025-10-03 5:44:42 AM","Hidden, System, Directory, NotContentIndexed","DESKTOP-RVD6TK8\User"
"INetHistory",,,"2025-08-24 6:09:53 PM","2025-10-03 5:44:43 AM","Hidden, System, Directory, NotContentIndexed","DESKTOP-RVD6TK8\User"
"INetCookies",,,"2025-08-24 6:09:53 PM","2025-10-03 5:44:43 AM","Hidden, System, Directory, NotContentIndexed","DESKTOP-RVD6TK8\User"
"INetCache",,,"2025-08-24 6:09:53 PM","2025-10-03 5:44:43 AM","Hidden, System, Directory, NotContentIndexed","DESKTOP-RVD6TK8\User"
"INetCache",,,"2025-08-24 6:09:50 PM","2025-10-03 5:44:43 AM","Hidden, System, Directory, NotContentIndexed","DESKTOP-RVD6TK8\User"
"INetHistory",,,"2025-08-24 6:09:50 PM","2025-10-03 5:44:43 AM","Hidden, System, Directory, NotContentIndexed","DESKTOP-RVD6TK8\User"
"INetCookies",,,"2025-08-24 6:09:50 PM","2025-10-03 5:44:43 AM","Hidden, System, Directory, NotContentIndexed","DESKTOP-RVD6TK8\User"
"INetCache",,,"2025-08-24 6:09:49 PM","2025-10-03 5:44:43 AM","Hidden, System, Directory, NotContentIndexed","DESKTOP-RVD6TK8\User"
"INetCookies",,,"2025-08-24 6:09:49 PM","2025-10-03 5:44:43 AM","Hidden, System, Directory, NotContentIndexed","DESKTOP-RVD6TK8\User"
"INetHistory",,,"2025-08-24 6:09:49 PM","2025-10-03 5:44:43 AM","Hidden, System, Directory, NotContentIndexed","DESKTOP-RVD6TK8\User"
"INetCache",,,"2025-08-24 6:09:43 PM","2025-10-03 5:44:43 AM","Hidden, System, Directory, NotContentIndexed","DESKTOP-RVD6TK8\User"
"INetHistory",,,"2025-08-24 6:09:43 PM","2025-10-03 5:44:43 AM","Hidden, System, Directory, NotContentIndexed","DESKTOP-RVD6TK8\User"
"INetCookies",,,"2025-08-24 6:09:43 PM","2025-10-03 5:44:43 AM","Hidden, System, Directory, NotContentIndexed","DESKTOP-RVD6TK8\User"
"INetCookies",,,"2025-08-24 6:09:42 PM","2025-10-03 5:44:43 AM","Hidden, System, Directory, NotContentIndexed","DESKTOP-RVD6TK8\User"
"INetHistory",,,"2025-08-24 6:09:42 PM","2025-10-03 5:44:43 AM","Hidden, System, Directory, NotContentIndexed","DESKTOP-RVD6TK8\User"
"INetCache",,,"2025-08-24 6:09:42 PM","2025-10-03 5:44:43 AM","Hidden, System, Directory, NotContentIndexed","DESKTOP-RVD6TK8\User"
"INetCache",,,"2025-08-24 6:09:41 PM","2025-10-03 5:44:42 AM","Hidden, System, Directory, NotContentIndexed","DESKTOP-RVD6TK8\User"
"INetCookies",,,"2025-08-24 6:09:41 PM","2025-10-03 5:44:42 AM","Hidden, System, Directory, NotContentIndexed","DESKTOP-RVD6TK8\User"
"INetHistory",,,"2025-08-24 6:09:41 PM","2025-10-03 5:44:42 AM","Hidden, System, Directory, NotContentIndexed","DESKTOP-RVD6TK8\User"
"MJ867YFU",,,"2025-08-24 6:09:41 PM","2025-10-03 5:44:43 AM","Hidden, System, Directory, NotContentIndexed","DESKTOP-RVD6TK8\User"
"INetHistory",,,"2025-08-24 6:09:40 PM","2025-10-03 5:44:42 AM","Hidden, System, Directory, NotContentIndexed","DESKTOP-RVD6TK8\User"
"INetCookies",,,"2025-08-24 6:09:40 PM","2025-10-03 5:44:42 AM","Hidden, System, Directory, NotContentIndexed","DESKTOP-RVD6TK8\User"
"INetCache",,,"2025-08-24 6:09:40 PM","2025-10-03 5:44:42 AM","Hidden, System, Directory, NotContentIndexed","DESKTOP-RVD6TK8\User"
"INetCache",,,"2025-08-24 6:09:40 PM","2025-10-03 5:44:42 AM","Hidden, System, Directory, NotContentIndexed","DESKTOP-RVD6TK8\User"
"INetCookies",,,"2025-08-24 6:09:40 PM","2025-10-03 5:44:42 AM","Hidden, System, Directory, NotContentIndexed","DESKTOP-RVD6TK8\User"
"INetHistory",,,"2025-08-24 6:09:40 PM","2025-10-03 5:44:42 AM","Hidden, System, Directory, NotContentIndexed","DESKTOP-RVD6TK8\User"
"INetHistory",,,"2025-08-24 6:09:39 PM","2025-10-03 5:44:42 AM","Hidden, System, Directory, NotContentIndexed","DESKTOP-RVD6TK8\User"
"INetCookies",,,"2025-08-24 6:09:39 PM","2025-10-03 5:44:42 AM","Hidden, System, Directory, NotContentIndexed","DESKTOP-RVD6TK8\User"
"INetCache",,,"2025-08-24 6:09:39 PM","2025-10-03 5:44:42 AM","Hidden, System, Directory, NotContentIndexed","DESKTOP-RVD6TK8\User"
"INetCookies",,,"2025-08-24 6:09:38 PM","2025-10-03 5:44:42 AM","Hidden, System, Directory, NotContentIndexed","DESKTOP-RVD6TK8\User"
"INetHistory",,,"2025-08-24 6:09:38 PM","2025-10-03 5:44:42 AM","Hidden, System, Directory, NotContentIndexed","DESKTOP-RVD6TK8\User"
"INetCache",,,"2025-08-24 6:09:38 PM","2025-10-03 5:44:42 AM","Hidden, System, Directory, NotContentIndexed","DESKTOP-RVD6TK8\User"
"INetCache",,,"2025-08-24 6:09:38 PM","2025-10-03 5:44:42 AM","Hidden, System, Directory, NotContentIndexed","DESKTOP-RVD6TK8\User"
"INetCookies",,,"2025-08-24 6:09:38 PM","2025-10-03 5:44:42 AM","Hidden, System, Directory, NotContentIndexed","DESKTOP-RVD6TK8\User"
"INetHistory",,,"2025-08-24 6:09:38 PM","2025-10-03 5:44:42 AM","Hidden, System, Directory, NotContentIndexed","DESKTOP-RVD6TK8\User"
"INetCookies",,,"2025-08-24 6:09:37 PM","2025-10-03 5:44:42 AM","Hidden, System, Directory, NotContentIndexed","DESKTOP-RVD6TK8\User"
"INetCache",,,"2025-08-24 6:09:37 PM","2025-10-03 5:44:42 AM","Hidden, System, Directory, NotContentIndexed","DESKTOP-RVD6TK8\User"
"INetHistory",,,"2025-08-24 6:09:37 PM","2025-10-03 5:44:42 AM","Hidden, System, Directory, NotContentIndexed","DESKTOP-RVD6TK8\User"
"INetCookies",,,"2025-08-24 6:09:37 PM","2025-10-03 5:44:42 AM","Hidden, System, Directory, NotContentIndexed","DESKTOP-RVD6TK8\User"
"INetCache",,,"2025-08-24 6:09:37 PM","2025-10-03 5:44:42 AM","Hidden, System, Directory, NotContentIndexed","DESKTOP-RVD6TK8\User"
"INetHistory",,,"2025-08-24 6:09:37 PM","2025-10-03 5:44:42 AM","Hidden, System, Directory, NotContentIndexed","DESKTOP-RVD6TK8\User"
"INetCookies",,,"2025-08-24 6:09:37 PM","2025-10-03 5:44:42 AM","Hidden, System, Directory, NotContentIndexed","DESKTOP-RVD6TK8\User"
"INetCache",,,"2025-08-24 6:09:37 PM","2025-10-03 5:44:42 AM","Hidden, System, Directory, NotContentIndexed","DESKTOP-RVD6TK8\User"
"INetHistory",,,"2025-08-24 6:09:37 PM","2025-10-03 5:44:42 AM","Hidden, System, Directory, NotContentIndexed","DESKTOP-RVD6TK8\User"
"INetCache",,,"2025-08-24 6:09:36 PM","2025-10-03 5:44:42 AM","Hidden, System, Directory, NotContentIndexed","DESKTOP-RVD6TK8\User"
"INetHistory",,,"2025-08-24 6:09:36 PM","2025-10-03 5:44:42 AM","Hidden, System, Directory, NotContentIndexed","DESKTOP-RVD6TK8\User"
"INetCookies",,,"2025-08-24 6:09:36 PM","2025-10-03 5:44:42 AM","Hidden, System, Directory, NotContentIndexed","DESKTOP-RVD6TK8\User"
"INetCache",,,"2025-08-24 6:09:36 PM","2025-10-03 5:44:43 AM","Hidden, System, Directory, NotContentIndexed","DESKTOP-RVD6TK8\User"
"INetHistory",,,"2025-08-24 6:09:36 PM","2025-10-03 5:44:43 AM","Hidden, System, Directory, NotContentIndexed","DESKTOP-RVD6TK8\User"
"INetCookies",,,"2025-08-24 6:09:36 PM","2025-10-03 5:44:43 AM","Hidden, System, Directory, NotContentIndexed","DESKTOP-RVD6TK8\User"
"INetCookies",,,"2025-08-24 6:09:35 PM","2025-10-03 5:44:43 AM","Hidden, System, Directory, NotContentIndexed","DESKTOP-RVD6TK8\User"
"INetHistory",,,"2025-08-24 6:09:35 PM","2025-10-03 5:44:43 AM","Hidden, System, Directory, NotContentIndexed","DESKTOP-RVD6TK8\User"
"INetCache",,,"2025-08-24 6:09:35 PM","2025-10-03 5:44:43 AM","Hidden, System, Directory, NotContentIndexed","DESKTOP-RVD6TK8\User"
"INetCache",,,"2025-08-24 6:09:35 PM","2025-10-03 5:44:43 AM","Hidden, System, Directory, NotContentIndexed","DESKTOP-RVD6TK8\User"
"INetCookies",,,"2025-08-24 6:09:35 PM","2025-10-03 5:44:43 AM","Hidden, System, Directory, NotContentIndexed","DESKTOP-RVD6TK8\User"
"INetHistory",,,"2025-08-24 6:09:35 PM","2025-10-03 5:44:43 AM","Hidden, System, Directory, NotContentIndexed","DESKTOP-RVD6TK8\User"
"INetCookies",,,"2025-08-24 6:09:34 PM","2025-10-03 5:44:43 AM","Hidden, System, Directory, NotContentIndexed","DESKTOP-RVD6TK8\User"
"INetHistory",,,"2025-08-24 6:09:34 PM","2025-10-03 5:44:43 AM","Hidden, System, Directory, NotContentIndexed","DESKTOP-RVD6TK8\User"
"INetCache",,,"2025-08-24 6:09:34 PM","2025-10-03 5:44:43 AM","Hidden, System, Directory, NotContentIndexed","DESKTOP-RVD6TK8\User"
"INetHistory",,,"2025-08-24 6:09:34 PM","2025-10-03 5:44:43 AM","Hidden, System, Directory, NotContentIndexed","DESKTOP-RVD6TK8\User"
"INetCookies",,,"2025-08-24 6:09:34 PM","2025-10-03 5:44:43 AM","Hidden, System, Directory, NotContentIndexed","DESKTOP-RVD6TK8\User"
"INetCache",,,"2025-08-24 6:09:34 PM","2025-10-03 5:44:43 AM","Hidden, System, Directory, NotContentIndexed","DESKTOP-RVD6TK8\User"
"INetHistory",,,"2025-08-24 6:09:33 PM","2025-10-03 5:44:43 AM","Hidden, System, Directory, NotContentIndexed","DESKTOP-RVD6TK8\User"
"INetCookies",,,"2025-08-24 6:09:33 PM","2025-10-03 5:44:43 AM","Hidden, System, Directory, NotContentIndexed","DESKTOP-RVD6TK8\User"
"INetCache",,,"2025-08-24 6:09:33 PM","2025-10-03 5:44:43 AM","Hidden, System, Directory, NotContentIndexed","DESKTOP-RVD6TK8\User"
"INetCookies",,,"2025-08-24 6:09:32 PM","2025-10-03 5:44:43 AM","Hidden, System, Directory, NotContentIndexed","DESKTOP-RVD6TK8\User"
"INetCache",,,"2025-08-24 6:09:32 PM","2025-10-03 5:44:43 AM","Hidden, System, Directory, NotContentIndexed","DESKTOP-RVD6TK8\User"
"INetHistory",,,"2025-08-24 6:09:32 PM","2025-10-03 5:44:43 AM","Hidden, System, Directory, NotContentIndexed","DESKTOP-RVD6TK8\User"
"INetHistory",,,"2025-08-24 6:09:32 PM","2025-10-03 5:44:43 AM","Hidden, System, Directory, NotContentIndexed","DESKTOP-RVD6TK8\User"
"INetCookies",,,"2025-08-24 6:09:32 PM","2025-10-03 5:44:43 AM","Hidden, System, Directory, NotContentIndexed","DESKTOP-RVD6TK8\User"
"INetCache",,,"2025-08-24 6:09:32 PM","2025-10-03 5:44:43 AM","Hidden, System, Directory, NotContentIndexed","DESKTOP-RVD6TK8\User"
"INetHistory",,,"2025-08-24 6:09:31 PM","2025-10-03 5:44:43 AM","Hidden, System, Directory, NotContentIndexed","DESKTOP-RVD6TK8\User"
"INetCache",,,"2025-08-24 6:09:31 PM","2025-10-03 5:44:43 AM","Hidden, System, Directory, NotContentIndexed","DESKTOP-RVD6TK8\User"
"INetCookies",,,"2025-08-24 6:09:31 PM","2025-10-03 5:44:43 AM","Hidden, System, Directory, NotContentIndexed","DESKTOP-RVD6TK8\User"
"INetCookies",,,"2025-08-24 6:09:31 PM","2025-10-03 5:44:43 AM","Hidden, System, Directory, NotContentIndexed","DESKTOP-RVD6TK8\User"
"INetHistory",,,"2025-08-24 6:09:31 PM","2025-10-03 5:44:43 AM","Hidden, System, Directory, NotContentIndexed","DESKTOP-RVD6TK8\User"
"INetCache",,,"2025-08-24 6:09:31 PM","2025-10-03 5:44:43 AM","Hidden, System, Directory, NotContentIndexed","DESKTOP-RVD6TK8\User"
"INetCache",,,"2025-08-24 6:09:30 PM","2025-10-03 5:44:43 AM","Hidden, System, Directory, NotContentIndexed","DESKTOP-RVD6TK8\User"
"INetCookies",,,"2025-08-24 6:09:30 PM","2025-10-03 5:44:43 AM","Hidden, System, Directory, NotContentIndexed","DESKTOP-RVD6TK8\User"
"INetHistory",,,"2025-08-24 6:09:30 PM","2025-10-03 5:44:43 AM","Hidden, System, Directory, NotContentIndexed","DESKTOP-RVD6TK8\User"
"INetCache",,,"2025-08-24 6:09:29 PM","2025-10-03 5:44:43 AM","Hidden, System, Directory, NotContentIndexed","DESKTOP-RVD6TK8\User"
"INetCookies",,,"2025-08-24 6:09:29 PM","2025-10-03 5:44:43 AM","Hidden, System, Directory, NotContentIndexed","DESKTOP-RVD6TK8\User"
"INetHistory",,,"2025-08-24 6:09:29 PM","2025-10-03 5:44:43 AM","Hidden, System, Directory, NotContentIndexed","DESKTOP-RVD6TK8\User"
"INetHistory",,,"2025-08-24 6:09:29 PM","2025-10-03 5:44:43 AM","Hidden, System, Directory, NotContentIndexed","DESKTOP-RVD6TK8\User"
"INetCookies",,,"2025-08-24 6:09:29 PM","2025-10-03 5:44:43 AM","Hidden, System, Directory, NotContentIndexed","DESKTOP-RVD6TK8\User"
"INetCache",,,"2025-08-24 6:09:29 PM","2025-10-03 5:44:43 AM","Hidden, System, Directory, NotContentIndexed","DESKTOP-RVD6TK8\User"
"container.dat","C:\Users\User\AppData\Local\Packages\microsoft.windows.authhost.a_8wekyb3d8bbwe\AC\INetHistory","0","2025-08-24 6:09:22 PM","2025-08-24 6:09:22 PM","Hidden, System, Archive, NotContentIndexed","DESKTOP-RVD6TK8\User"
"INetHistory",,,"2025-08-24 6:09:22 PM","2025-10-03 5:44:43 AM","Hidden, System, Directory, NotContentIndexed","DESKTOP-RVD6TK8\User"
"container.dat","C:\Users\User\AppData\Local\Packages\microsoft.windows.authhost.a_8wekyb3d8bbwe\AC\INetCookies","0","2025-08-24 6:09:22 PM","2025-08-24 6:09:22 PM","Hidden, System, Archive, NotContentIndexed","DESKTOP-RVD6TK8\User"
"container.dat","C:\Users\User\AppData\Local\Packages\microsoft.windows.authhost.a_8wekyb3d8bbwe\AC\INetCache","0","2025-08-24 6:09:22 PM","2025-08-24 6:09:22 PM","Hidden, System, Archive, NotContentIndexed","DESKTOP-RVD6TK8\User"
"INetHistory",,,"2025-08-24 6:08:19 PM","2025-10-03 5:44:42 AM","Hidden, System, Directory, NotContentIndexed","DESKTOP-RVD6TK8\User"
"INetCookies",,,"2025-08-24 6:08:19 PM","2025-10-03 5:44:42 AM","Hidden, System, Directory, NotContentIndexed","DESKTOP-RVD6TK8\User"
"INetCache",,,"2025-08-24 6:08:19 PM","2025-10-03 5:44:42 AM","Hidden, System, Directory, NotContentIndexed","DESKTOP-RVD6TK8\User"
"container.dat","C:\Users\User\AppData\Local\Packages\MicrosoftWindows.Client.CBS_cw5n1h2txyewy\AC\INetCookies\ESE","0","2025-08-24 6:07:17 PM","2025-08-24 6:07:17 PM","Hidden, System, Archive, NotContentIndexed","DESKTOP-RVD6TK8\User"
"ESE",,,"2025-08-24 6:07:17 PM","2025-10-03 5:44:43 AM","Hidden, System, Directory, NotContentIndexed","DESKTOP-RVD6TK8\User"
"container.dat","C:\Users\User\AppData\Local\Packages\MicrosoftWindows.Client.CBS_cw5n1h2txyewy\AC\INetCache","0","2025-08-24 6:07:17 PM","2025-08-24 6:07:17 PM","Hidden, System, Archive, NotContentIndexed","DESKTOP-RVD6TK8\User"
"INetCookies",,,"2025-08-24 6:07:17 PM","2025-10-03 5:44:43 AM","Hidden, System, Directory, NotContentIndexed","DESKTOP-RVD6TK8\User"
"BackgroundTransferApiGroup",,,"2025-08-24 6:07:13 PM","2025-10-03 5:44:43 AM","Hidden, System, Directory, NotContentIndexed","DESKTOP-RVD6TK8\User"
"container.dat","C:\Users\User\AppData\Local\Packages\Microsoft.Windows.ContentDeliveryManager_cw5n1h2txyewy\AC\INetHistory\BackgroundTransferApi","0","2025-08-24 6:07:13 PM","2025-08-24 6:07:13 PM","Hidden, System, Archive, NotContentIndexed","DESKTOP-RVD6TK8\User"
"BackgroundTransferApi",,,"2025-08-24 6:07:13 PM","2025-10-03 5:44:43 AM","Hidden, System, Directory, NotContentIndexed","DESKTOP-RVD6TK8\User"
"INetHistory",,,"2025-08-24 6:07:13 PM","2025-10-03 5:44:43 AM","Hidden, System, Directory, NotContentIndexed","DESKTOP-RVD6TK8\User"
"desktop.ini","C:\Users\User\AppData\Roaming\Microsoft\Windows\Start Menu\Programs\Accessibility","568","2023-12-03 9:54:44 PM","2025-10-02 8:58:13 PM","Hidden, System, Archive","DESKTOP-RVD6TK8\User"
"Windows Sidebar",,,"2019-12-07 4:14:54 AM","2025-10-03 5:44:42 AM","Hidden, System, Directory","DESKTOP-RVD6TK8\User"
"Desktop.ini","C:\Users\User\AppData\Roaming\Microsoft\Windows\Start Menu\Programs\System Tools","934","2019-12-07 4:12:47 AM","2025-10-02 8:58:13 PM","Hidden, System, Archive","DESKTOP-RVD6TK8\User"
"desktop.ini","C:\Users\User\AppData\Roaming\Microsoft\Internet Explorer\Quick Launch","148","2019-12-07 4:12:47 AM","2025-10-03 5:45:32 AM","Hidden, System, Archive","DESKTOP-RVD6TK8\User"
"desktop.ini","C:\Users\User\AppData\Local\Microsoft\Windows\WinX\Group3","941","2019-12-07 4:12:47 AM","2025-09-08 12:05:53 AM","Hidden, System, Archive","DESKTOP-RVD6TK8\User"
"desktop.ini","C:\Users\User\AppData\Local\Microsoft\Windows\WinX\Group2","325","2019-12-07 4:12:47 AM","2025-09-08 12:05:53 AM","Hidden, System, Archive","DESKTOP-RVD6TK8\User"
"desktop.ini","C:\Users\User\AppData\Local\Microsoft\Windows\WinX\Group1","75","2019-12-07 4:12:47 AM","2025-09-08 12:05:53 AM","Hidden, System, Archive","DESKTOP-RVD6TK8\User"
"Desktop.ini","C:\Users\User\AppData\Roaming\Microsoft\Windows\Start Menu\Programs\Maintenance","170","2019-12-07 4:12:42 AM","2025-10-02 9:35:44 PM","Hidden, System, Archive","DESKTOP-RVD6TK8\User"
