"ProcessId","Name","ParentProcessId","CommandLine","ExecutablePath","WorkingSetSize"
"0","System Idle Process","0",,,"0.01 MB"
"4","System","0",,,"0.14 MB"
"100","Registry","4",,,"31.49 MB"
"356","smss.exe","4",,,"1.03 MB"
"496","csrss.exe","448",,,"5.20 MB"
"588","wininit.exe","448",,,"6.09 MB"
"596","csrss.exe","580",,,"6.27 MB"
"696","winlogon.exe","580",,,"10.03 MB"
"740","services.exe","588",,,"10.11 MB"
"748","lsass.exe","588",,,"18.42 MB"
"876","svchost.exe","740",,,"48.08 MB"
"900","fontdrvhost.exe","696",,,"8.50 MB"
"896","fontdrvhost.exe","588",,,"4.42 MB"
"1008","svchost.exe","740",,,"15.63 MB"
"396","svchost.exe","740",,,"9.40 MB"
"800","WUDFHost.exe","740",,,"10.89 MB"
"772","svchost.exe","740",,,"9.66 MB"
"72","svchost.exe","740",,,"11.22 MB"
"1132","svchost.exe","740",,,"7.48 MB"
"1152","svchost.exe","740",,,"6.04 MB"
"1200","svchost.exe","740",,,"16.38 MB"
"1252","dwm.exe","696",,,"149.73 MB"
"1504","svchost.exe","740",,,"9.31 MB"
"1516","svchost.exe","740",,,"9.21 MB"
"1540","svchost.exe","740",,,"12.08 MB"
"1552","svchost.exe","740",,,"7.24 MB"
"1604","svchost.exe","740",,,"13.17 MB"
"1640","svchost.exe","740",,,"5.61 MB"
"1692","svchost.exe","740",,,"7.17 MB"
"1700","svchost.exe","740",,,"14.87 MB"
"1808","svchost.exe","740",,,"7.94 MB"
"1832","Memory Compression","4",,,"204.83 MB"
"1880","svchost.exe","740",,,"9.35 MB"
"1948","svchost.exe","740",,,"5.79 MB"
"1964","igfxCUIService.exe","740",,,"8.64 MB"
"2024","svchost.exe","740",,,"11.75 MB"
"2040","svchost.exe","740",,,"8.96 MB"
"1164","svchost.exe","740",,,"7.13 MB"
"2100","svchost.exe","740",,,"6.72 MB"
"2120","svchost.exe","740",,,"6.79 MB"
"2376","svchost.exe","740",,,"9.75 MB"
"2408","svchost.exe","740",,,"6.27 MB"
"2500","svchost.exe","740",,,"21.70 MB"
"2556","svchost.exe","740",,,"11.45 MB"
"2648","svchost.exe","740",,,"16.34 MB"
"2744","svchost.exe","740",,,"49.70 MB"
"2836","svchost.exe","740",,,"8.52 MB"
"2844","svchost.exe","740",,,"9.14 MB"
"2852","svchost.exe","740",,,"9.60 MB"
"2928","svchost.exe","740",,,"16.81 MB"
"3184","svchost.exe","740",,,"15.92 MB"
"3200","svchost.exe","740",,,"15.61 MB"
"3244","svchost.exe","740",,,"11.70 MB"
"3324","svchost.exe","740",,,"10.24 MB"
"3380","spoolsv.exe","740",,,"12.69 MB"
"3520","svchost.exe","740",,,"12.48 MB"
"3604","svchost.exe","740",,,"7.15 MB"
"3868","svchost.exe","740",,,"12.78 MB"
"3876","svchost.exe","740",,,"6.23 MB"
"3884","svchost.exe","740",,,"39.20 MB"
"3900","svchost.exe","740",,,"42.02 MB"
"3916","DSDFunctionKeyCtlService.exe","740",,,"5.72 MB"
"3972","RMService.exe","740",,,"7.17 MB"
"4004","dynabookSystemService.exe","740",,,"9.57 MB"
"3484","MpDefenderCoreService.exe","740",,,"18.81 MB"
"4100","svchost.exe","740",,,"8.46 MB"
"4120","valWBFPolicyService.exe","740",,,"7.53 MB"
"4140","svchost.exe","740",,,"5.83 MB"
"4148","svchost.exe","740",,,"9.27 MB"
"4156","svchost.exe","740",,,"5.23 MB"
"4164","MsMpEng.exe","740",,,"267.07 MB"
"4176","svchost.exe","740",,,"20.01 MB"
"4252","svchost.exe","740",,,"5.04 MB"
"4572","svchost.exe","740",,,"8.19 MB"
"4596","svchost.exe","740",,,"6.71 MB"
"4628","dasHost.exe","3876",,,"4.38 MB"
"5064","svchost.exe","740",,,"12.61 MB"
"5172","DSDFunctionKeyCtlService.exe","3916","""C:\Windows\System32\DriverStore\FileRepository\dsrvctldrv.inf_amd64_9a8e578dc9a18977\DSDFunctionKeyCtlService.exe"" -user","C:\Windows\System32\DriverStore\FileRepository\dsrvctldrv.inf_amd64_9a8e578dc9a18977\DSDFunctionKeyCtlService.exe","8.39 MB"
"5284","SearchIndexer.exe","740",,,"48.21 MB"
"5688","dllhost.exe","876",,,"10.06 MB"
"5788","sihost.exe","1880","sihost.exe","C:\Windows\system32\sihost.exe","25.80 MB"
"5828","svchost.exe","740","C:\Windows\system32\svchost.exe -k UnistackSvcGroup -s CDPUserSvc","C:\Windows\system32\svchost.exe","17.69 MB"
"5884","svchost.exe","740","C:\Windows\system32\svchost.exe -k UnistackSvcGroup -s WpnUserService","C:\Windows\system32\svchost.exe","29.75 MB"
"6024","taskhostw.exe","1700","taskhostw.exe {222A245B-E637-4AE9-A93F-A59CA119A75E}","C:\Windows\system32\taskhostw.exe","16.71 MB"
"6092","svchost.exe","740",,,"14.69 MB"
"6148","svchost.exe","740",,,"7.23 MB"
"6196","igfxEM.exe","6064","igfxEM.exe ","C:\Windows\system32\igfxEM.exe","11.56 MB"
"6212","igfxHK.exe","6064","igfxHK.exe ","C:\Windows\system32\igfxHK.exe","8.61 MB"
"6236","igfxTray.exe","6064","igfxTray.exe ","C:\Windows\system32\igfxTray.exe","10.03 MB"
"6376","ctfmon.exe","6148",,,"43.81 MB"
"6572","svchost.exe","740",,,"14.79 MB"
"6660","explorer.exe","6628","C:\Windows\Explorer.EXE","C:\Windows\Explorer.EXE","144.56 MB"
"6188","svchost.exe","740","C:\Windows\system32\svchost.exe -k ClipboardSvcGroup -p -s cbdhsvc","C:\Windows\system32\svchost.exe","21.42 MB"
"5808","AggregatorHost.exe","3884",,,"7.94 MB"
"7412","StartMenuExperienceHost.exe","876","""C:\Windows\SystemApps\Microsoft.Windows.StartMenuExperienceHost_cw5n1h2txyewy\StartMenuExperienceHost.exe"" -ServerName:App.AppXywbrabmsek0gm3tkwpr5kwzbs55tkqay.mca","C:\Windows\SystemApps\Microsoft.Windows.StartMenuExperienceHost_cw5n1h2txyewy\StartMenuExperienceHost.exe","59.36 MB"
"7596","RuntimeBroker.exe","876","C:\Windows\System32\RuntimeBroker.exe -Embedding","C:\Windows\System32\RuntimeBroker.exe","29.79 MB"
"7632","svchost.exe","740",,,"21.83 MB"
"7940","svchost.exe","740","C:\Windows\System32\svchost.exe -k UnistackSvcGroup","C:\Windows\System32\svchost.exe","21.13 MB"
"8104","SearchApp.exe","876","""C:\Windows\SystemApps\Microsoft.Windows.Search_cw5n1h2txyewy\SearchApp.exe"" -ServerName:CortanaUI.AppX8z9r6jm96hw4bsbneegw0kyxx296wr9t.mca","C:\Windows\SystemApps\Microsoft.Windows.Search_cw5n1h2txyewy\SearchApp.exe","86.58 MB"
"4964","RuntimeBroker.exe","876","C:\Windows\System32\RuntimeBroker.exe -Embedding","C:\Windows\System32\RuntimeBroker.exe","33.39 MB"
"8824","RuntimeBroker.exe","876","C:\Windows\System32\RuntimeBroker.exe -Embedding","C:\Windows\System32\RuntimeBroker.exe","26.70 MB"
"9040","TextInputHost.exe","876","""C:\Windows\SystemApps\MicrosoftWindows.Client.CBS_cw5n1h2txyewy\TextInputHost.exe"" -ServerName:InputApp.AppXk0k6mrh4r2q0ct33a9wgbez0x7v9cz5y.mca","C:\Windows\SystemApps\MicrosoftWindows.Client.CBS_cw5n1h2txyewy\TextInputHost.exe","72.63 MB"
"9200","svchost.exe","740",,,"8.56 MB"
"8740","SecurityHealthSystray.exe","6660","""C:\Windows\System32\SecurityHealthSystray.exe"" ","C:\Windows\System32\SecurityHealthSystray.exe","8.42 MB"
"4448","SecurityHealthService.exe","740",,,"14.84 MB"
"8540","NisSrv.exe","740",,,"10.63 MB"
"8876","svchost.exe","740",,,"18.40 MB"
"8420","RAVCpl64.exe","6660","""C:\Program Files\Realtek\Audio\HDA\RAVCpl64.exe"" -s","C:\Program Files\Realtek\Audio\HDA\RAVCpl64.exe","13.10 MB"
"9400","OneDrive.exe","6660","""C:\Users\User\AppData\Local\Microsoft\OneDrive\OneDrive.exe"" /background","C:\Users\User\AppData\Local\Microsoft\OneDrive\OneDrive.exe","100.06 MB"
"9432","GensparkCrashHandler.exe","5940",,,"1.68 MB"
"9480","GensparkCrashHandler64.exe","5940",,,"1.00 MB"
"9852","msedge.exe","6660","""C:\Program Files (x86)\Microsoft\Edge\Application\msedge.exe"" --no-startup-window --win-session-start","C:\Program Files (x86)\Microsoft\Edge\Application\msedge.exe","224.77 MB"
"9960","msedge.exe","9852","""C:\Program Files (x86)\Microsoft\Edge\Application\msedge.exe"" --type=crashpad-handler ""--user-data-dir=C:\Users\User\AppData\Local\Microsoft\Edge\User Data"" /prefetch:4 --monitor-self-annotation=ptype=crashpad-handler ""--database=C:\Users\User\AppData\Local\Microsoft\Edge\User Data\Crashpad"" --annotation=IsOfficialBuild=1 --annotation=channel= --annotation=chromium-version=140.0.7339.208 ""--annotation=exe=C:\Program Files (x86)\Microsoft\Edge\Application\msedge.exe"" --annotation=plat=Win64 --annotation=prod=Edge --annotation=ver=140.0.3485.94 --initial-client-data=0x270,0x274,0x278,0x26c,0x2d4,0x7ffd01562300,0x7ffd0156230c,0x7ffd01562318","C:\Program Files (x86)\Microsoft\Edge\Application\msedge.exe","9.86 MB"
"10184","msedge.exe","9852","""C:\Program Files (x86)\Microsoft\Edge\Application\msedge.exe"" --type=utility --utility-sub-type=network.mojom.NetworkService --lang=en-US --service-sandbox-type=none --no-pre-read-main-dll --startup-read-main-dll --metrics-shmem-handle=2168,i,1555995771691640683,11599665178861908882,524288 --field-trial-handle=2348,i,16660008465352235979,17821797528628127029,262144 --variations-seed-version --mojo-platform-channel-handle=2516 /prefetch:3","C:\Program Files (x86)\Microsoft\Edge\Application\msedge.exe","48.64 MB"
"10192","msedge.exe","9852","""C:\Program Files (x86)\Microsoft\Edge\Application\msedge.exe"" --type=gpu-process --no-pre-read-main-dll --gpu-preferences=SAAAAAAAAADgAAAIAAAAAAAAAAAAAGAAAQAAAAAAAAAEAAAAAAAAAAAAAAAAAAAAAAAAAAAAAAAQAAAAAAAAABAAAAAAAAAACAAAAAAAAAAIAAAAAAAAAA== --startup-read-main-dll --metrics-shmem-handle=1976,i,12338130998479247027,16028443589122682734,262144 --field-trial-handle=2348,i,16660008465352235979,17821797528628127029,262144 --variations-seed-version --mojo-platform-channel-handle=2364 /prefetch:2","C:\Program Files (x86)\Microsoft\Edge\Application\msedge.exe","105.91 MB"
"10216","msedge.exe","9852","""C:\Program Files (x86)\Microsoft\Edge\Application\msedge.exe"" --type=utility --utility-sub-type=storage.mojom.StorageService --lang=en-US --service-sandbox-type=service --no-pre-read-main-dll --startup-read-main-dll --metrics-shmem-handle=2828,i,7663056962472531704,13187348578143462056,524288 --field-trial-handle=2348,i,16660008465352235979,17821797528628127029,262144 --variations-seed-version --mojo-platform-channel-handle=2964 /prefetch:8","C:\Program Files (x86)\Microsoft\Edge\Application\msedge.exe","20.62 MB"
"3624","ollama app.exe","6660","""C:\Users\User\AppData\Local\Programs\Ollama\ollama app.exe"" ","C:\Users\User\AppData\Local\Programs\Ollama\ollama app.exe","30.90 MB"
"3020","ollama.exe","3624","C:\Users\User\AppData\Local\Programs\Ollama\ollama.exe serve","C:\Users\User\AppData\Local\Programs\Ollama\ollama.exe","16.13 MB"
"2968","svchost.exe","740",,,"7.14 MB"
"9020","conhost.exe","3020","\??\C:\Windows\system32\conhost.exe 0x4","C:\Windows\system32\conhost.exe","7.04 MB"
"10424","svchost.exe","740",,,"7.04 MB"
"10896","ShellExperienceHost.exe","876","""C:\Windows\SystemApps\ShellExperienceHost_cw5n1h2txyewy\ShellExperienceHost.exe"" -ServerName:App.AppXtk181tbxbce2qsex02s8tw7hfxa9xb3t.mca","C:\Windows\SystemApps\ShellExperienceHost_cw5n1h2txyewy\ShellExperienceHost.exe","63.10 MB"
"11180","RuntimeBroker.exe","876","C:\Windows\System32\RuntimeBroker.exe -Embedding","C:\Windows\System32\RuntimeBroker.exe","22.43 MB"
"3944","CompPkgSrv.exe","876","C:\Windows\System32\CompPkgSrv.exe -Embedding","C:\Windows\System32\CompPkgSrv.exe","8.61 MB"
"10640","ApplicationFrameHost.exe","876","C:\Windows\system32\ApplicationFrameHost.exe -Embedding","C:\Windows\system32\ApplicationFrameHost.exe","25.27 MB"
"2988","svchost.exe","740",,,"10.10 MB"
"6280","svchost.exe","740",,,"9.63 MB"
"2620","SearchApp.exe","876","""C:\Windows\SystemApps\Microsoft.Windows.Search_cw5n1h2txyewy\SearchApp.exe"" -ServerName:ShellFeedsUI.AppX88fpyyrd21w8wqe62wzsjh5agex7tf1e.mca","C:\Windows\SystemApps\Microsoft.Windows.Search_cw5n1h2txyewy\SearchApp.exe","61.51 MB"
"9908","msedgewebview2.exe","2620","""C:\Program Files (x86)\Microsoft\EdgeWebView\Application\140.0.3485.94\msedgewebview2.exe"" --embedded-browser-webview=1 --webview-exe-name=SearchApp.exe --webview-exe-version=10.0.19041.6282 --user-data-dir=""C:\Users\User\AppData\Local\Packages\Microsoft.Windows.Search_cw5n1h2txyewy\LocalState\EBWebView"" --noerrdialogs --enable-features=msEmbeddedBrowserVisualHosting --lang=en-US --mojo-named-platform-channel-pipe=2620.2140.12687351185973023754","C:\Program Files (x86)\Microsoft\EdgeWebView\Application\140.0.3485.94\msedgewebview2.exe","109.55 MB"
"6244","msedgewebview2.exe","9908","""C:\Program Files (x86)\Microsoft\EdgeWebView\Application\140.0.3485.94\msedgewebview2.exe"" --type=crashpad-handler --user-data-dir=C:\Users\User\AppData\Local\Packages\Microsoft.Windows.Search_cw5n1h2txyewy\LocalState\EBWebView /prefetch:4 --monitor-self-annotation=ptype=crashpad-handler --database=C:\Users\User\AppData\Local\Packages\Microsoft.Windows.Search_cw5n1h2txyewy\LocalState\EBWebView\Crashpad --annotation=IsOfficialBuild=1 --annotation=channel= --annotation=chromium-version=140.0.7339.208 ""--annotation=exe=C:\Program Files (x86)\Microsoft\EdgeWebView\Application\140.0.3485.94\msedgewebview2.exe"" --annotation=plat=Win64 ""--annotation=prod=Edge WebView2"" --annotation=ver=140.0.3485.94 --initial-client-data=0x184,0x188,0x18c,0x160,0x194,0x7ffd01562300,0x7ffd0156230c,0x7ffd01562318","C:\Program Files (x86)\Microsoft\EdgeWebView\Application\140.0.3485.94\msedgewebview2.exe","9.92 MB"
"10476","msedgewebview2.exe","9908","""C:\Program Files (x86)\Microsoft\EdgeWebView\Application\140.0.3485.94\msedgewebview2.exe"" --type=gpu-process --noerrdialogs --user-data-dir=""C:\Users\User\AppData\Local\Packages\Microsoft.Windows.Search_cw5n1h2txyewy\LocalState\EBWebView"" --webview-exe-name=SearchApp.exe --webview-exe-version=10.0.19041.6282 --embedded-browser-webview=1 --gpu-preferences=SAAAAAAAAADgAAAIAAAAAAAAAAAAAGAAAQAAAAAAAAAEAAAAAAAAAAAAAAAAAAAAAAAAAAAAAAAQAAAAAAAAABAAAAAAAAAACAAAAAAAAAAIAAAAAAAAAA== --always-read-main-dll --metrics-shmem-handle=1824,i,3243827260594918370,2039512282846587972,262144 --field-trial-handle=1976,i,68551530149192063,5849864621792221217,262144 --enable-features=ForceSWDCompWhenDCompFallbackRequired,msAggressiveCacheTrimming,msCustomDataPartition,msEmbeddedBrowserVisualHosting,msWebView2NoTabForScreenShare,msWebViewAppLifeCycleWorkaround --disable-features=BackForwardCache,BackgroundTabLoadingFromPerformanceManager,CloseOmniboxPopupOnInactiveAreaClick,CollectAVProductsInfo,CollectCodeIntegrityInfo,EnableHangWatcher,FilterAdsOnAbusiveSites,GetWifiProtocol,LoginDetection,MediaFoundationCameraUsageMonitoring,PreconnectToSearch,SafetyHub,SegmentationPlatform,SpareRendererForSitePerProcess,Ukm,WebPayments,msAITrackerClassification,msAbydosForWindowlessWV2,msAffirmVirtualCard,msAllowChromeWebstore,msAllowMSAPrtSSOForNonMSAProfile,msApplicationGuard,msAskBeforeClosingMultipleTabs,msAutoToggleAADPrtSSOForNonAADProfile,msAutofillEdgeCoupons,msAutofillEdgeCouponsAutoApply,msAutofillEdgeServiceRequest,msAutofillEnableEdgeSuggestions,msAutomaticTabFreeze,msBrowserSettingsSupported,msCoarseGeolocationService,msDataProtection,msDesktopMode,msDesktopRewards,msDisableVariationsSeedFetchThrottling,msEEProactiveHistory,msETFOffstoreExtensionFileDataCollection,msETFPasswordTheftDNRActionSignals,msEdgeAdPlatformUI,msEdgeAddWebCapturetoCollections,msEdgeAutofillShowDeployedPassword,msEdgeCaptureSelectionInPDF,msEdgeCloudConfigService,msEdgeCloudConfigServiceV2,msEdgeCohorts,msEdgeCollectionsPrismExperiment1,msEdgeCollectionsPrismOverallMigration,msEdgeComposeNext,msEdgeEnableNurturingFramework,msEdgeEnclavePrefsBasic,msEdgeEnclavePrefsNotification,msEdgeFaviconService,msEdgeHJTelemetry,msEdgeHubAppSkype,msEdgeImageEditorUI,msEdgeLinkDoctor,msEdgeMouseGestureDefaultEnabled,msEdgeMouseGestureSupported,msEdgeNewDeviceFre,msEdgeOnRampFRE,msEdgeOnRampImport,msEdgePDFCMHighlightUX,msEdgePasswordIris,msEdgePasswordIrisSaveBubble,msEdgeProngPersonalization,msEdgeReadingView,msEdgeRose,msEdgeScreenshotUI,msEdgeSendTabToSelf,msEdgeSettingsImport,msEdgeSettingsImportV2,msEdgeShoppingPersistentStorage,msEdgeShoppingUI,msEdgeSmartFind,msEdgeSuperDragDefaultEnabled,msEdgeSuperDragDropSupported,msEdgeTranslate,msEdgeUpdatesMoreMenuPill,msEdgeWebCapture,msEdgeWebCaptureUniformExperience,msEdgeWebContentFilteringFeedback,msEdgeWorkSearchBanner,msEnableCustomJobMemoryLimitsOnXbox,msEnableMIPForPDF,msEnablePdfUpsell,msEnableThirdPartyScanning,msEnableWebSignInCta,msEnableWebToBrowserSignIn,msEndpointDlp,msEntityExtraction,msExtensionTelemetryFramework,msExternalTaskManager,msFileSystemAccessDirectoryIterationBlocklistCheck,msForceBrowserSignIn,msForeignSessionsPage,msGeolocationAccessService,msGeolocationOSLocationPermissionFallback,msGeolocationSQMService,msGeolocationService,msGrowthInfraLaunchSourceLogging,msGuidedSwitchAllowed,msHubPinPersist,msImplicitSignin,msIrm,msIrmv2,msKlarnaVirtualCard,msLlmConsumerDlpPurview,msLoadStatistics,msLogIsEdgePinnedToTaskbarOnLaunch,msMIPCrossTenantPdfViewSupport,msMdatpWebSiteDlp,msNotificationPermissionForPWA,msNumberOfSitesToPin,msNurturingGlobalSitePinningOnCloseModal,msNurturingSitePinningCITopSites,msNurturingSitePinningWithWindowsConsent,msOnHoverSearchInSidebar,msOpenOfficeDocumentsInWebViewer,msPageInteractionRestrictionRevoke,msPasswordBreachDetection,msPdfAnnotationsVisibility,msPdfDataRecovery,msPdfDigitalSignatureRead,msPdfFreeText,msPdfFreeTextForCJK,msPdfHighlightMode,msPdfInking,msPdfKeyphraseSupport,msPdfOOUI,msPdfPopupMarkerRenderer,msPdfShare,msPdfSharedLibrary,msPdfTextNote,msPdfTextNoteMoreMenu,msPdfThumbnailCache,msPdfUnderside,msPdfViewRestore,msPersonalizationUMA,msPriceComparison,msPrintInWebView2,msPromptDefaultHandlerForPDF,msReactiveSearch,msReadAloud,msReadAloudPdf,msRedirectToShoreline,msRevokeExtensions,msSaasDlp,msShoppingTrigger,msShorelineSearch,msShorelineSearchFindOnPageWebUI,msShowOfflineGameEntrance,msShowReadAloudIconInAddressBar,msShowUXForAADPrtSSOForNonAADProfile,msSitePinningWithoutUi,msSuspendMessageForNewSessionWhenHavingPendingNavigation,msSyncEdgeCollections,msTabResourceStats,msTokenizationAutofillInlineEnabled,msTouchMode,msTriggeringSignalGenerator,msUserUnderstanding,msVideoSuperResolutionUI,msWalletBuyNow,msWalletCheckout,msWalletDiagnosticDataLogger,msWalletHubEntry,msWalletHubIntlP3,msWalletPartialCard,msWalletPasswordCategorization,msWalletPasswordCategorizationPlatformExpansion,msWalletTokenizationCardMetadata,msWalletTokenizedAutofill,msWebAssist,msWebAssistHistorySearchService,msWebOOUI,msWindowsTaskManager,msWindowsUserActivities,msZipPayVirtualCard --variations-seed-version --mojo-platform-channel-handle=1984 /prefetch:2","C:\Program Files (x86)\Microsoft\EdgeWebView\Application\140.0.3485.94\msedgewebview2.exe","140.96 MB"
"4612","msedgewebview2.exe","9908","""C:\Program Files (x86)\Microsoft\EdgeWebView\Application\140.0.3485.94\msedgewebview2.exe"" --type=utility --utility-sub-type=network.mojom.NetworkService --lang=en-US --service-sandbox-type=none --noerrdialogs --user-data-dir=""C:\Users\User\AppData\Local\Packages\Microsoft.Windows.Search_cw5n1h2txyewy\LocalState\EBWebView"" --webview-exe-name=SearchApp.exe --webview-exe-version=10.0.19041.6282 --embedded-browser-webview=1 --always-read-main-dll --metrics-shmem-handle=2136,i,1672833714147156136,2285421236608612192,524288 --field-trial-handle=1976,i,68551530149192063,5849864621792221217,262144 --enable-features=ForceSWDCompWhenDCompFallbackRequired,msAggressiveCacheTrimming,msCustomDataPartition,msEmbeddedBrowserVisualHosting,msWebView2NoTabForScreenShare,msWebViewAppLifeCycleWorkaround --disable-features=BackForwardCache,BackgroundTabLoadingFromPerformanceManager,CloseOmniboxPopupOnInactiveAreaClick,CollectAVProductsInfo,CollectCodeIntegrityInfo,EnableHangWatcher,FilterAdsOnAbusiveSites,GetWifiProtocol,LoginDetection,MediaFoundationCameraUsageMonitoring,PreconnectToSearch,SafetyHub,SegmentationPlatform,SpareRendererForSitePerProcess,Ukm,WebPayments,msAITrackerClassification,msAbydosForWindowlessWV2,msAffirmVirtualCard,msAllowChromeWebstore,msAllowMSAPrtSSOForNonMSAProfile,msApplicationGuard,msAskBeforeClosingMultipleTabs,msAutoToggleAADPrtSSOForNonAADProfile,msAutofillEdgeCoupons,msAutofillEdgeCouponsAutoApply,msAutofillEdgeServiceRequest,msAutofillEnableEdgeSuggestions,msAutomaticTabFreeze,msBrowserSettingsSupported,msCoarseGeolocationService,msDataProtection,msDesktopMode,msDesktopRewards,msDisableVariationsSeedFetchThrottling,msEEProactiveHistory,msETFOffstoreExtensionFileDataCollection,msETFPasswordTheftDNRActionSignals,msEdgeAdPlatformUI,msEdgeAddWebCapturetoCollections,msEdgeAutofillShowDeployedPassword,msEdgeCaptureSelectionInPDF,msEdgeCloudConfigService,msEdgeCloudConfigServiceV2,msEdgeCohorts,msEdgeCollectionsPrismExperiment1,msEdgeCollectionsPrismOverallMigration,msEdgeComposeNext,msEdgeEnableNurturingFramework,msEdgeEnclavePrefsBasic,msEdgeEnclavePrefsNotification,msEdgeFaviconService,msEdgeHJTelemetry,msEdgeHubAppSkype,msEdgeImageEditorUI,msEdgeLinkDoctor,msEdgeMouseGestureDefaultEnabled,msEdgeMouseGestureSupported,msEdgeNewDeviceFre,msEdgeOnRampFRE,msEdgeOnRampImport,msEdgePDFCMHighlightUX,msEdgePasswordIris,msEdgePasswordIrisSaveBubble,msEdgeProngPersonalization,msEdgeReadingView,msEdgeRose,msEdgeScreenshotUI,msEdgeSendTabToSelf,msEdgeSettingsImport,msEdgeSettingsImportV2,msEdgeShoppingPersistentStorage,msEdgeShoppingUI,msEdgeSmartFind,msEdgeSuperDragDefaultEnabled,msEdgeSuperDragDropSupported,msEdgeTranslate,msEdgeUpdatesMoreMenuPill,msEdgeWebCapture,msEdgeWebCaptureUniformExperience,msEdgeWebContentFilteringFeedback,msEdgeWorkSearchBanner,msEnableCustomJobMemoryLimitsOnXbox,msEnableMIPForPDF,msEnablePdfUpsell,msEnableThirdPartyScanning,msEnableWebSignInCta,msEnableWebToBrowserSignIn,msEndpointDlp,msEntityExtraction,msExtensionTelemetryFramework,msExternalTaskManager,msFileSystemAccessDirectoryIterationBlocklistCheck,msForceBrowserSignIn,msForeignSessionsPage,msGeolocationAccessService,msGeolocationOSLocationPermissionFallback,msGeolocationSQMService,msGeolocationService,msGrowthInfraLaunchSourceLogging,msGuidedSwitchAllowed,msHubPinPersist,msImplicitSignin,msIrm,msIrmv2,msKlarnaVirtualCard,msLlmConsumerDlpPurview,msLoadStatistics,msLogIsEdgePinnedToTaskbarOnLaunch,msMIPCrossTenantPdfViewSupport,msMdatpWebSiteDlp,msNotificationPermissionForPWA,msNumberOfSitesToPin,msNurturingGlobalSitePinningOnCloseModal,msNurturingSitePinningCITopSites,msNurturingSitePinningWithWindowsConsent,msOnHoverSearchInSidebar,msOpenOfficeDocumentsInWebViewer,msPageInteractionRestrictionRevoke,msPasswordBreachDetection,msPdfAnnotationsVisibility,msPdfDataRecovery,msPdfDigitalSignatureRead,msPdfFreeText,msPdfFreeTextForCJK,msPdfHighlightMode,msPdfInking,msPdfKeyphraseSupport,msPdfOOUI,msPdfPopupMarkerRenderer,msPdfShare,msPdfSharedLibrary,msPdfTextNote,msPdfTextNoteMoreMenu,msPdfThumbnailCache,msPdfUnderside,msPdfViewRestore,msPersonalizationUMA,msPriceComparison,msPrintInWebView2,msPromptDefaultHandlerForPDF,msReactiveSearch,msReadAloud,msReadAloudPdf,msRedirectToShoreline,msRevokeExtensions,msSaasDlp,msShoppingTrigger,msShorelineSearch,msShorelineSearchFindOnPageWebUI,msShowOfflineGameEntrance,msShowReadAloudIconInAddressBar,msShowUXForAADPrtSSOForNonAADProfile,msSitePinningWithoutUi,msSuspendMessageForNewSessionWhenHavingPendingNavigation,msSyncEdgeCollections,msTabResourceStats,msTokenizationAutofillInlineEnabled,msTouchMode,msTriggeringSignalGenerator,msUserUnderstanding,msVideoSuperResolutionUI,msWalletBuyNow,msWalletCheckout,msWalletDiagnosticDataLogger,msWalletHubEntry,msWalletHubIntlP3,msWalletPartialCard,msWalletPasswordCategorization,msWalletPasswordCategorizationPlatformExpansion,msWalletTokenizationCardMetadata,msWalletTokenizedAutofill,msWebAssist,msWebAssistHistorySearchService,msWebOOUI,msWindowsTaskManager,msWindowsUserActivities,msZipPayVirtualCard --variations-seed-version --mojo-platform-channel-handle=2148 /prefetch:3","C:\Program Files (x86)\Microsoft\EdgeWebView\Application\140.0.3485.94\msedgewebview2.exe","43.99 MB"
"5640","msedgewebview2.exe","9908","""C:\Program Files (x86)\Microsoft\EdgeWebView\Application\140.0.3485.94\msedgewebview2.exe"" --type=utility --utility-sub-type=storage.mojom.StorageService --lang=en-US --service-sandbox-type=service --noerrdialogs --user-data-dir=""C:\Users\User\AppData\Local\Packages\Microsoft.Windows.Search_cw5n1h2txyewy\LocalState\EBWebView"" --webview-exe-name=SearchApp.exe --webview-exe-version=10.0.19041.6282 --embedded-browser-webview=1 --always-read-main-dll --metrics-shmem-handle=2476,i,4495178767470196278,2364399837593120172,524288 --field-trial-handle=1976,i,68551530149192063,5849864621792221217,262144 --enable-features=ForceSWDCompWhenDCompFallbackRequired,msAggressiveCacheTrimming,msCustomDataPartition,msEmbeddedBrowserVisualHosting,msWebView2NoTabForScreenShare,msWebViewAppLifeCycleWorkaround --disable-features=BackForwardCache,BackgroundTabLoadingFromPerformanceManager,CloseOmniboxPopupOnInactiveAreaClick,CollectAVProductsInfo,CollectCodeIntegrityInfo,EnableHangWatcher,FilterAdsOnAbusiveSites,GetWifiProtocol,LoginDetection,MediaFoundationCameraUsageMonitoring,PreconnectToSearch,SafetyHub,SegmentationPlatform,SpareRendererForSitePerProcess,Ukm,WebPayments,msAITrackerClassification,msAbydosForWindowlessWV2,msAffirmVirtualCard,msAllowChromeWebstore,msAllowMSAPrtSSOForNonMSAProfile,msApplicationGuard,msAskBeforeClosingMultipleTabs,msAutoToggleAADPrtSSOForNonAADProfile,msAutofillEdgeCoupons,msAutofillEdgeCouponsAutoApply,msAutofillEdgeServiceRequest,msAutofillEnableEdgeSuggestions,msAutomaticTabFreeze,msBrowserSettingsSupported,msCoarseGeolocationService,msDataProtection,msDesktopMode,msDesktopRewards,msDisableVariationsSeedFetchThrottling,msEEProactiveHistory,msETFOffstoreExtensionFileDataCollection,msETFPasswordTheftDNRActionSignals,msEdgeAdPlatformUI,msEdgeAddWebCapturetoCollections,msEdgeAutofillShowDeployedPassword,msEdgeCaptureSelectionInPDF,msEdgeCloudConfigService,msEdgeCloudConfigServiceV2,msEdgeCohorts,msEdgeCollectionsPrismExperiment1,msEdgeCollectionsPrismOverallMigration,msEdgeComposeNext,msEdgeEnableNurturingFramework,msEdgeEnclavePrefsBasic,msEdgeEnclavePrefsNotification,msEdgeFaviconService,msEdgeHJTelemetry,msEdgeHubAppSkype,msEdgeImageEditorUI,msEdgeLinkDoctor,msEdgeMouseGestureDefaultEnabled,msEdgeMouseGestureSupported,msEdgeNewDeviceFre,msEdgeOnRampFRE,msEdgeOnRampImport,msEdgePDFCMHighlightUX,msEdgePasswordIris,msEdgePasswordIrisSaveBubble,msEdgeProngPersonalization,msEdgeReadingView,msEdgeRose,msEdgeScreenshotUI,msEdgeSendTabToSelf,msEdgeSettingsImport,msEdgeSettingsImportV2,msEdgeShoppingPersistentStorage,msEdgeShoppingUI,msEdgeSmartFind,msEdgeSuperDragDefaultEnabled,msEdgeSuperDragDropSupported,msEdgeTranslate,msEdgeUpdatesMoreMenuPill,msEdgeWebCapture,msEdgeWebCaptureUniformExperience,msEdgeWebContentFilteringFeedback,msEdgeWorkSearchBanner,msEnableCustomJobMemoryLimitsOnXbox,msEnableMIPForPDF,msEnablePdfUpsell,msEnableThirdPartyScanning,msEnableWebSignInCta,msEnableWebToBrowserSignIn,msEndpointDlp,msEntityExtraction,msExtensionTelemetryFramework,msExternalTaskManager,msFileSystemAccessDirectoryIterationBlocklistCheck,msForceBrowserSignIn,msForeignSessionsPage,msGeolocationAccessService,msGeolocationOSLocationPermissionFallback,msGeolocationSQMService,msGeolocationService,msGrowthInfraLaunchSourceLogging,msGuidedSwitchAllowed,msHubPinPersist,msImplicitSignin,msIrm,msIrmv2,msKlarnaVirtualCard,msLlmConsumerDlpPurview,msLoadStatistics,msLogIsEdgePinnedToTaskbarOnLaunch,msMIPCrossTenantPdfViewSupport,msMdatpWebSiteDlp,msNotificationPermissionForPWA,msNumberOfSitesToPin,msNurturingGlobalSitePinningOnCloseModal,msNurturingSitePinningCITopSites,msNurturingSitePinningWithWindowsConsent,msOnHoverSearchInSidebar,msOpenOfficeDocumentsInWebViewer,msPageInteractionRestrictionRevoke,msPasswordBreachDetection,msPdfAnnotationsVisibility,msPdfDataRecovery,msPdfDigitalSignatureRead,msPdfFreeText,msPdfFreeTextForCJK,msPdfHighlightMode,msPdfInking,msPdfKeyphraseSupport,msPdfOOUI,msPdfPopupMarkerRenderer,msPdfShare,msPdfSharedLibrary,msPdfTextNote,msPdfTextNoteMoreMenu,msPdfThumbnailCache,msPdfUnderside,msPdfViewRestore,msPersonalizationUMA,msPriceComparison,msPrintInWebView2,msPromptDefaultHandlerForPDF,msReactiveSearch,msReadAloud,msReadAloudPdf,msRedirectToShoreline,msRevokeExtensions,msSaasDlp,msShoppingTrigger,msShorelineSearch,msShorelineSearchFindOnPageWebUI,msShowOfflineGameEntrance,msShowReadAloudIconInAddressBar,msShowUXForAADPrtSSOForNonAADProfile,msSitePinningWithoutUi,msSuspendMessageForNewSessionWhenHavingPendingNavigation,msSyncEdgeCollections,msTabResourceStats,msTokenizationAutofillInlineEnabled,msTouchMode,msTriggeringSignalGenerator,msUserUnderstanding,msVideoSuperResolutionUI,msWalletBuyNow,msWalletCheckout,msWalletDiagnosticDataLogger,msWalletHubEntry,msWalletHubIntlP3,msWalletPartialCard,msWalletPasswordCategorization,msWalletPasswordCategorizationPlatformExpansion,msWalletTokenizationCardMetadata,msWalletTokenizedAutofill,msWebAssist,msWebAssistHistorySearchService,msWebOOUI,msWindowsTaskManager,msWindowsUserActivities,msZipPayVirtualCard --variations-seed-version --mojo-platform-channel-handle=2488 /prefetch:8","C:\Program Files (x86)\Microsoft\EdgeWebView\Application\140.0.3485.94\msedgewebview2.exe","23.07 MB"
"10652","msedgewebview2.exe","9908","""C:\Program Files (x86)\Microsoft\EdgeWebView\Application\140.0.3485.94\msedgewebview2.exe"" --type=renderer --noerrdialogs --user-data-dir=""C:\Users\User\AppData\Local\Packages\Microsoft.Windows.Search_cw5n1h2txyewy\LocalState\EBWebView"" --webview-exe-name=SearchApp.exe --webview-exe-version=10.0.19041.6282 --embedded-browser-webview=1 --dma-cps-flags=0 --video-capture-use-gpu-memory-buffer --lang=en-US --device-scale-factor=1.25 --num-raster-threads=2 --enable-main-frame-before-activation --renderer-client-id=5 --js-flags=""--expose-gc --ms-user-locale=en_CA"" --time-ticks-at-unix-epoch=-1759453067078525 --launch-time-ticks=142518182 --always-read-main-dll --metrics-shmem-handle=3628,i,5373446367052670482,13475804045337569770,2097152 --field-trial-handle=1976,i,68551530149192063,5849864621792221217,262144 --enable-features=ForceSWDCompWhenDCompFallbackRequired,msAggressiveCacheTrimming,msCustomDataPartition,msEmbeddedBrowserVisualHosting,msWebView2NoTabForScreenShare,msWebViewAppLifeCycleWorkaround --disable-features=BackForwardCache,BackgroundTabLoadingFromPerformanceManager,CloseOmniboxPopupOnInactiveAreaClick,CollectAVProductsInfo,CollectCodeIntegrityInfo,EnableHangWatcher,FilterAdsOnAbusiveSites,GetWifiProtocol,LoginDetection,MediaFoundationCameraUsageMonitoring,PreconnectToSearch,SafetyHub,SegmentationPlatform,SpareRendererForSitePerProcess,Ukm,WebPayments,msAITrackerClassification,msAbydosForWindowlessWV2,msAffirmVirtualCard,msAllowChromeWebstore,msAllowMSAPrtSSOForNonMSAProfile,msApplicationGuard,msAskBeforeClosingMultipleTabs,msAutoToggleAADPrtSSOForNonAADProfile,msAutofillEdgeCoupons,msAutofillEdgeCouponsAutoApply,msAutofillEdgeServiceRequest,msAutofillEnableEdgeSuggestions,msAutomaticTabFreeze,msBrowserSettingsSupported,msCoarseGeolocationService,msDataProtection,msDesktopMode,msDesktopRewards,msDisableVariationsSeedFetchThrottling,msEEProactiveHistory,msETFOffstoreExtensionFileDataCollection,msETFPasswordTheftDNRActionSignals,msEdgeAdPlatformUI,msEdgeAddWebCapturetoCollections,msEdgeAutofillShowDeployedPassword,msEdgeCaptureSelectionInPDF,msEdgeCloudConfigService,msEdgeCloudConfigServiceV2,msEdgeCohorts,msEdgeCollectionsPrismExperiment1,msEdgeCollectionsPrismOverallMigration,msEdgeComposeNext,msEdgeEnableNurturingFramework,msEdgeEnclavePrefsBasic,msEdgeEnclavePrefsNotification,msEdgeFaviconService,msEdgeHJTelemetry,msEdgeHubAppSkype,msEdgeImageEditorUI,msEdgeLinkDoctor,msEdgeMouseGestureDefaultEnabled,msEdgeMouseGestureSupported,msEdgeNewDeviceFre,msEdgeOnRampFRE,msEdgeOnRampImport,msEdgePDFCMHighlightUX,msEdgePasswordIris,msEdgePasswordIrisSaveBubble,msEdgeProngPersonalization,msEdgeReadingView,msEdgeRose,msEdgeScreenshotUI,msEdgeSendTabToSelf,msEdgeSettingsImport,msEdgeSettingsImportV2,msEdgeShoppingPersistentStorage,msEdgeShoppingUI,msEdgeSmartFind,msEdgeSuperDragDefaultEnabled,msEdgeSuperDragDropSupported,msEdgeTranslate,msEdgeUpdatesMoreMenuPill,msEdgeWebCapture,msEdgeWebCaptureUniformExperience,msEdgeWebContentFilteringFeedback,msEdgeWorkSearchBanner,msEnableCustomJobMemoryLimitsOnXbox,msEnableMIPForPDF,msEnablePdfUpsell,msEnableThirdPartyScanning,msEnableWebSignInCta,msEnableWebToBrowserSignIn,msEndpointDlp,msEntityExtraction,msExtensionTelemetryFramework,msExternalTaskManager,msFileSystemAccessDirectoryIterationBlocklistCheck,msForceBrowserSignIn,msForeignSessionsPage,msGeolocationAccessService,msGeolocationOSLocationPermissionFallback,msGeolocationSQMService,msGeolocationService,msGrowthInfraLaunchSourceLogging,msGuidedSwitchAllowed,msHubPinPersist,msImplicitSignin,msIrm,msIrmv2,msKlarnaVirtualCard,msLlmConsumerDlpPurview,msLoadStatistics,msLogIsEdgePinnedToTaskbarOnLaunch,msMIPCrossTenantPdfViewSupport,msMdatpWebSiteDlp,msNotificationPermissionForPWA,msNumberOfSitesToPin,msNurturingGlobalSitePinningOnCloseModal,msNurturingSitePinningCITopSites,msNurturingSitePinningWithWindowsConsent,msOnHoverSearchInSidebar,msOpenOfficeDocumentsInWebViewer,msPageInteractionRestrictionRevoke,msPasswordBreachDetection,msPdfAnnotationsVisibility,msPdfDataRecovery,msPdfDigitalSignatureRead,msPdfFreeText,msPdfFreeTextForCJK,msPdfHighlightMode,msPdfInking,msPdfKeyphraseSupport,msPdfOOUI,msPdfPopupMarkerRenderer,msPdfShare,msPdfSharedLibrary,msPdfTextNote,msPdfTextNoteMoreMenu,msPdfThumbnailCache,msPdfUnderside,msPdfViewRestore,msPersonalizationUMA,msPriceComparison,msPrintInWebView2,msPromptDefaultHandlerForPDF,msReactiveSearch,msReadAloud,msReadAloudPdf,msRedirectToShoreline,msRevokeExtensions,msSaasDlp,msShoppingTrigger,msShorelineSearch,msShorelineSearchFindOnPageWebUI,msShowOfflineGameEntrance,msShowReadAloudIconInAddressBar,msShowUXForAADPrtSSOForNonAADProfile,msSitePinningWithoutUi,msSuspendMessageForNewSessionWhenHavingPendingNavigation,msSyncEdgeCollections,msTabResourceStats,msTokenizationAutofillInlineEnabled,msTouchMode,msTriggeringSignalGenerator,msUserUnderstanding,msVideoSuperResolutionUI,msWalletBuyNow,msWalletCheckout,msWalletDiagnosticDataLogger,msWalletHubEntry,msWalletHubIntlP3,msWalletPartialCard,msWalletPasswordCategorization,msWalletPasswordCategorizationPlatformExpansion,msWalletTokenizationCardMetadata,msWalletTokenizedAutofill,msWebAssist,msWebAssistHistorySearchService,msWebOOUI,msWindowsTaskManager,msWindowsUserActivities,msZipPayVirtualCard --variations-seed-version --mojo-platform-channel-handle=3648 /prefetch:1","C:\Program Files (x86)\Microsoft\EdgeWebView\Application\140.0.3485.94\msedgewebview2.exe","233.98 MB"
"2332","svchost.exe","740",,,"17.90 MB"
"10200","chrome.exe","6660","""C:\Program Files\Google\Chrome\Application\chrome.exe"" ","C:\Program Files\Google\Chrome\Application\chrome.exe","346.36 MB"
"3036","chrome.exe","10200","""C:\Program Files\Google\Chrome\Application\chrome.exe"" --type=crashpad-handler ""--user-data-dir=C:\Users\User\AppData\Local\Google\Chrome\User Data"" /prefetch:4 --monitor-self-annotation=ptype=crashpad-handler ""--database=C:\Users\User\AppData\Local\Google\Chrome\User Data\Crashpad"" ""--metrics-dir=C:\Users\User\AppData\Local\Google\Chrome\User Data"" --url=https://clients2.google.com/cr/report --annotation=channel= --annotation=plat=Win64 --annotation=prod=Chrome --annotation=ver=140.0.7339.208 --initial-client-data=0x228,0x22c,0x230,0x204,0x234,0x7ffd1c37e728,0x7ffd1c37e734,0x7ffd1c37e740","C:\Program Files\Google\Chrome\Application\chrome.exe","8.59 MB"
"3948","chrome.exe","10200","""C:\Program Files\Google\Chrome\Application\chrome.exe"" --type=utility --utility-sub-type=network.mojom.NetworkService --lang=en-US --service-sandbox-type=none --no-pre-read-main-dll --metrics-shmem-handle=1696,i,6272470073600217051,466668071064332648,524288 --field-trial-handle=2136,i,9074310048993936039,3719532167192538720,262144 --variations-seed-version=20251002-050050.133000 --mojo-platform-channel-handle=2220 /prefetch:3","C:\Program Files\Google\Chrome\Application\chrome.exe","44.60 MB"
"9636","chrome.exe","10200","""C:\Program Files\Google\Chrome\Application\chrome.exe"" --type=gpu-process --no-pre-read-main-dll --gpu-preferences=SAAAAAAAAADgAAAIAAAAAAAAAAAAAGAAAQAAAAAAAAAEAAAAAAAAAAAAAAAAAAAAAAAAAAAAAAAQAAAAAAAAABAAAAAAAAAACAAAAAAAAAAIAAAAAAAAAA== --metrics-shmem-handle=1836,i,5155594654146254789,15365049165389479705,262144 --field-trial-handle=2136,i,9074310048993936039,3719532167192538720,262144 --variations-seed-version=20251002-050050.133000 --mojo-platform-channel-handle=2132 /prefetch:2","C:\Program Files\Google\Chrome\Application\chrome.exe","116.55 MB"
"7452","chrome.exe","10200","""C:\Program Files\Google\Chrome\Application\chrome.exe"" --type=utility --utility-sub-type=storage.mojom.StorageService --lang=en-US --service-sandbox-type=service --no-pre-read-main-dll --metrics-shmem-handle=2400,i,6485263775361200333,2410411976557285499,524288 --field-trial-handle=2136,i,9074310048993936039,3719532167192538720,262144 --variations-seed-version=20251002-050050.133000 --mojo-platform-channel-handle=2288 /prefetch:8","C:\Program Files\Google\Chrome\Application\chrome.exe","18.35 MB"
"1996","chrome.exe","10200","""C:\Program Files\Google\Chrome\Application\chrome.exe"" --type=utility --utility-sub-type=audio.mojom.AudioService --lang=en-US --service-sandbox-type=audio --video-capture-use-gpu-memory-buffer --no-pre-read-main-dll --metrics-shmem-handle=7916,i,7858434444106270828,15770055730558996172,524288 --field-trial-handle=2136,i,9074310048993936039,3719532167192538720,262144 --variations-seed-version=20251002-050050.133000 --mojo-platform-channel-handle=7112 /prefetch:8","C:\Program Files\Google\Chrome\Application\chrome.exe","17.68 MB"
"3996","chrome.exe","10200","""C:\Program Files\Google\Chrome\Application\chrome.exe"" --type=utility --utility-sub-type=video_capture.mojom.VideoCaptureService --lang=en-US --service-sandbox-type=none --video-capture-use-gpu-memory-buffer --no-pre-read-main-dll --metrics-shmem-handle=7560,i,5641638258731213165,14067463775029179848,524288 --field-trial-handle=2136,i,9074310048993936039,3719532167192538720,262144 --variations-seed-version=20251002-050050.133000 --mojo-platform-channel-handle=5108 /prefetch:8","C:\Program Files\Google\Chrome\Application\chrome.exe","27.88 MB"
"9688","chrome.exe","10200","""C:\Program Files\Google\Chrome\Application\chrome.exe"" --type=renderer --no-pre-read-main-dll --video-capture-use-gpu-memory-buffer --lang=en-US --device-scale-factor=1.25 --num-raster-threads=2 --enable-main-frame-before-activation --renderer-client-id=36 --time-ticks-at-unix-epoch=-1759453067078525 --launch-time-ticks=334110816 --metrics-shmem-handle=7688,i,892257326281488400,7258541309922531844,2097152 --field-trial-handle=2136,i,9074310048993936039,3719532167192538720,262144 --variations-seed-version=20251002-050050.133000 --mojo-platform-channel-handle=5864 /prefetch:1","C:\Program Files\Google\Chrome\Application\chrome.exe","66.66 MB"
"8268","dllhost.exe","876","C:\Windows\system32\DllHost.exe /Processid:{973D20D7-562D-44B9-B70B-5A0F49CCDF3F}","C:\Windows\system32\DllHost.exe","10.41 MB"
"1548","OneDrive.Sync.Service.exe","4036","""C:\Users\User\AppData\Local\Microsoft\OneDrive\25.164.0824.0003\OneDrive.Sync.Service.exe"" /silentConfig","C:\Users\User\AppData\Local\Microsoft\OneDrive\25.164.0824.0003\OneDrive.Sync.Service.exe","10.35 MB"
"10628","powershell.exe","6660","""C:\Windows\System32\WindowsPowerShell\v1.0\powershell.exe"" ","C:\Windows\System32\WindowsPowerShell\v1.0\powershell.exe","580.80 MB"
"11252","conhost.exe","10628","\??\C:\Windows\system32\conhost.exe 0x4","C:\Windows\system32\conhost.exe","18.09 MB"
"8844","explorer.exe","876","C:\Windows\explorer.exe /factory,{75dff2b7-6936-4c06-a8bb-676a7b00b24b} -Embedding","C:\Windows\explorer.exe","69.38 MB"
"7188","FileCoAuth.exe","876","""C:\Users\User\AppData\Local\Microsoft\OneDrive\25.164.0824.0003\FileCoAuth.exe"" -Embedding","C:\Users\User\AppData\Local\Microsoft\OneDrive\25.164.0824.0003\FileCoAuth.exe","24.16 MB"
"5948","UserOOBEBroker.exe","876","C:\Windows\System32\oobe\UserOOBEBroker.exe -Embedding","C:\Windows\System32\oobe\UserOOBEBroker.exe","9.27 MB"
"7996","dllhost.exe","876","C:\Windows\system32\DllHost.exe /Processid:{AB8902B4-09CA-4BB6-B78D-A8F59079A8D5}","C:\Windows\system32\DllHost.exe","8.20 MB"
"5164","mspaint.exe","8844","""C:\Windows\system32\mspaint.exe"" ""C:\Users\User\Documents\1000011874.jpg""","C:\Windows\system32\mspaint.exe","29.25 MB"
"4408","msedge.exe","9852","""C:\Program Files (x86)\Microsoft\Edge\Application\msedge.exe"" --type=renderer --pdf-upsell-enabled --dma-cps-flags=2048 --no-pre-read-main-dll --video-capture-use-gpu-memory-buffer --lang=en-US --js-flags=--ms-user-locale=en_CA --device-scale-factor=1.25 --num-raster-threads=2 --enable-main-frame-before-activation --renderer-client-id=19 --time-ticks-at-unix-epoch=-1759453067078525 --launch-time-ticks=906811192 --ssd-no-pressure-read-main-dll --metrics-shmem-handle=2600,i,9225864032592625234,8778851738447513587,2097152 --field-trial-handle=2348,i,16660008465352235979,17821797528628127029,262144 --variations-seed-version --mojo-platform-channel-handle=5124 /prefetch:1","C:\Program Files (x86)\Microsoft\Edge\Application\msedge.exe","45.71 MB"
"2736","msedge.exe","9852","""C:\Program Files (x86)\Microsoft\Edge\Application\msedge.exe"" --type=renderer --pdf-upsell-enabled --dma-cps-flags=2048 --no-pre-read-main-dll --video-capture-use-gpu-memory-buffer --lang=en-US --js-flags=--ms-user-locale=en_CA --device-scale-factor=1.25 --num-raster-threads=2 --enable-main-frame-before-activation --renderer-client-id=18 --time-ticks-at-unix-epoch=-1759453067078525 --launch-time-ticks=906816835 --skip-read-main-dll --metrics-shmem-handle=1492,i,10105424639328737897,14402291262481980852,2097152 --field-trial-handle=2348,i,16660008465352235979,17821797528628127029,262144 --variations-seed-version --mojo-platform-channel-handle=5108 /prefetch:1","C:\Program Files (x86)\Microsoft\Edge\Application\msedge.exe","78.84 MB"
"7308","msedge.exe","9852","""C:\Program Files (x86)\Microsoft\Edge\Application\msedge.exe"" --type=renderer --instant-process --pdf-upsell-enabled --dma-cps-flags=2048 --no-pre-read-main-dll --video-capture-use-gpu-memory-buffer --lang=en-US --js-flags=--ms-user-locale=en_CA --device-scale-factor=1.25 --num-raster-threads=2 --enable-main-frame-before-activation --renderer-client-id=24 --time-ticks-at-unix-epoch=-1759453067078525 --launch-time-ticks=910931236 --skip-read-main-dll --metrics-shmem-handle=6296,i,18237606922743203850,15808146608826954060,2097152 --field-trial-handle=2348,i,16660008465352235979,17821797528628127029,262144 --variations-seed-version --mojo-platform-channel-handle=6492 /prefetch:1","C:\Program Files (x86)\Microsoft\Edge\Application\msedge.exe","192.28 MB"
"8496","msedge.exe","9852","""C:\Program Files (x86)\Microsoft\Edge\Application\msedge.exe"" --type=renderer --pdf-upsell-enabled --dma-cps-flags=2048 --no-pre-read-main-dll --video-capture-use-gpu-memory-buffer --lang=en-US --js-flags=--ms-user-locale=en_CA --device-scale-factor=1.25 --num-raster-threads=2 --enable-main-frame-before-activation --renderer-client-id=36 --time-ticks-at-unix-epoch=-1759453067078525 --launch-time-ticks=912082331 --skip-read-main-dll --metrics-shmem-handle=6776,i,15572902899385566733,14117434542830358604,2097152 --field-trial-handle=2348,i,16660008465352235979,17821797528628127029,262144 --variations-seed-version --mojo-platform-channel-handle=6768 /prefetch:1","C:\Program Files (x86)\Microsoft\Edge\Application\msedge.exe","43.17 MB"
"1572","svchost.exe","740",,,"12.12 MB"
"8612","msedge.exe","9852","""C:\Program Files (x86)\Microsoft\Edge\Application\msedge.exe"" --type=renderer --pdf-upsell-enabled --dma-cps-flags=2048 --no-pre-read-main-dll --video-capture-use-gpu-memory-buffer --lang=en-US --js-flags=--ms-user-locale=en_CA --device-scale-factor=1.25 --num-raster-threads=2 --enable-main-frame-before-activation --renderer-client-id=25 --time-ticks-at-unix-epoch=-1759453067078525 --launch-time-ticks=915976717 --skip-read-main-dll --metrics-shmem-handle=7744,i,8136603489187039909,14757992714287515535,2097152 --field-trial-handle=2348,i,16660008465352235979,17821797528628127029,262144 --variations-seed-version --mojo-platform-channel-handle=7748 /prefetch:1","C:\Program Files (x86)\Microsoft\Edge\Application\msedge.exe","71.11 MB"
"8300","msedge.exe","9852","""C:\Program Files (x86)\Microsoft\Edge\Application\msedge.exe"" --type=renderer --pdf-upsell-enabled --dma-cps-flags=2048 --no-pre-read-main-dll --video-capture-use-gpu-memory-buffer --lang=en-US --js-flags=--ms-user-locale=en_CA --device-scale-factor=1.25 --num-raster-threads=2 --enable-main-frame-before-activation --renderer-client-id=34 --time-ticks-at-unix-epoch=-1759453067078525 --launch-time-ticks=919016118 --skip-read-main-dll --metrics-shmem-handle=7960,i,12174412391998705962,13546600744014092378,2097152 --field-trial-handle=2348,i,16660008465352235979,17821797528628127029,262144 --variations-seed-version --mojo-platform-channel-handle=6644 /prefetch:1","C:\Program Files (x86)\Microsoft\Edge\Application\msedge.exe","43.11 MB"
"9552","msedge.exe","9852","""C:\Program Files (x86)\Microsoft\Edge\Application\msedge.exe"" --type=renderer --pdf-upsell-enabled --dma-cps-flags=2048 --no-pre-read-main-dll --video-capture-use-gpu-memory-buffer --lang=en-US --js-flags=--ms-user-locale=en_CA --device-scale-factor=1.25 --num-raster-threads=2 --enable-main-frame-before-activation --renderer-client-id=37 --time-ticks-at-unix-epoch=-1759453067078525 --launch-time-ticks=920757463 --skip-read-main-dll --metrics-shmem-handle=8020,i,16929864148401248665,4432542172235865262,2097152 --field-trial-handle=2348,i,16660008465352235979,17821797528628127029,262144 --variations-seed-version --mojo-platform-channel-handle=7144 /prefetch:1","C:\Program Files (x86)\Microsoft\Edge\Application\msedge.exe","43.22 MB"
"2308","msedge.exe","9852","""C:\Program Files (x86)\Microsoft\Edge\Application\msedge.exe"" --type=renderer --pdf-upsell-enabled --dma-cps-flags=2048 --no-pre-read-main-dll --video-capture-use-gpu-memory-buffer --lang=en-US --js-flags=--ms-user-locale=en_CA --device-scale-factor=1.25 --num-raster-threads=2 --enable-main-frame-before-activation --renderer-client-id=35 --time-ticks-at-unix-epoch=-1759453067078525 --launch-time-ticks=921113230 --skip-read-main-dll --metrics-shmem-handle=6432,i,14496147252805264064,6642820643100435521,2097152 --field-trial-handle=2348,i,16660008465352235979,17821797528628127029,262144 --variations-seed-version --mojo-platform-channel-handle=6444 /prefetch:1","C:\Program Files (x86)\Microsoft\Edge\Application\msedge.exe","44.57 MB"
"4404","msedge.exe","9852","""C:\Program Files (x86)\Microsoft\Edge\Application\msedge.exe"" --type=renderer --pdf-upsell-enabled --dma-cps-flags=2048 --no-pre-read-main-dll --video-capture-use-gpu-memory-buffer --lang=en-US --js-flags=--ms-user-locale=en_CA --device-scale-factor=1.25 --num-raster-threads=2 --enable-main-frame-before-activation --renderer-client-id=33 --time-ticks-at-unix-epoch=-1759453067078525 --launch-time-ticks=926197074 --skip-read-main-dll --metrics-shmem-handle=8360,i,11164161790965706461,6654533992098412758,2097152 --field-trial-handle=2348,i,16660008465352235979,17821797528628127029,262144 --variations-seed-version --mojo-platform-channel-handle=8356 /prefetch:1","C:\Program Files (x86)\Microsoft\Edge\Application\msedge.exe","38.03 MB"
"3408","msedge.exe","9852","""C:\Program Files (x86)\Microsoft\Edge\Application\msedge.exe"" --type=renderer --pdf-upsell-enabled --dma-cps-flags=2048 --no-pre-read-main-dll --video-capture-use-gpu-memory-buffer --lang=en-US --js-flags=--ms-user-locale=en_CA --device-scale-factor=1.25 --num-raster-threads=2 --enable-main-frame-before-activation --renderer-client-id=32 --time-ticks-at-unix-epoch=-1759453067078525 --launch-time-ticks=929292296 --skip-read-main-dll --metrics-shmem-handle=8440,i,9415320814029211352,15355741030533874892,2097152 --field-trial-handle=2348,i,16660008465352235979,17821797528628127029,262144 --variations-seed-version --mojo-platform-channel-handle=8400 /prefetch:1","C:\Program Files (x86)\Microsoft\Edge\Application\msedge.exe","35.94 MB"
"7768","msedge.exe","9852","""C:\Program Files (x86)\Microsoft\Edge\Application\msedge.exe"" --type=renderer --pdf-upsell-enabled --dma-cps-flags=2048 --no-pre-read-main-dll --video-capture-use-gpu-memory-buffer --lang=en-US --js-flags=--ms-user-locale=en_CA --device-scale-factor=1.25 --num-raster-threads=2 --enable-main-frame-before-activation --renderer-client-id=31 --time-ticks-at-unix-epoch=-1759453067078525 --launch-time-ticks=931187432 --skip-read-main-dll --metrics-shmem-handle=6696,i,8478111249596768275,18160114993799444493,2097152 --field-trial-handle=2348,i,16660008465352235979,17821797528628127029,262144 --variations-seed-version --mojo-platform-channel-handle=8416 /prefetch:1","C:\Program Files (x86)\Microsoft\Edge\Application\msedge.exe","35.92 MB"
"4428","msedge.exe","9852","""C:\Program Files (x86)\Microsoft\Edge\Application\msedge.exe"" --type=renderer --pdf-upsell-enabled --dma-cps-flags=2048 --no-pre-read-main-dll --video-capture-use-gpu-memory-buffer --lang=en-US --js-flags=--ms-user-locale=en_CA --device-scale-factor=1.25 --num-raster-threads=2 --enable-main-frame-before-activation --renderer-client-id=29 --time-ticks-at-unix-epoch=-1759453067078525 --launch-time-ticks=931435897 --skip-read-main-dll --metrics-shmem-handle=8776,i,6921105241690105155,16732016068801262255,2097152 --field-trial-handle=2348,i,16660008465352235979,17821797528628127029,262144 --variations-seed-version --mojo-platform-channel-handle=8800 /prefetch:1","C:\Program Files (x86)\Microsoft\Edge\Application\msedge.exe","38.25 MB"
"948","msedge.exe","9852","""C:\Program Files (x86)\Microsoft\Edge\Application\msedge.exe"" --type=renderer --pdf-upsell-enabled --dma-cps-flags=2048 --no-pre-read-main-dll --video-capture-use-gpu-memory-buffer --lang=en-US --js-flags=--ms-user-locale=en_CA --device-scale-factor=1.25 --num-raster-threads=2 --enable-main-frame-before-activation --renderer-client-id=30 --time-ticks-at-unix-epoch=-1759453067078525 --launch-time-ticks=934342120 --skip-read-main-dll --metrics-shmem-handle=8852,i,13201658319805951085,18442885199936952818,2097152 --field-trial-handle=2348,i,16660008465352235979,17821797528628127029,262144 --variations-seed-version --mojo-platform-channel-handle=8836 /prefetch:1","C:\Program Files (x86)\Microsoft\Edge\Application\msedge.exe","36.70 MB"
"4812","msedge.exe","9852","""C:\Program Files (x86)\Microsoft\Edge\Application\msedge.exe"" --type=renderer --extension-process --renderer-sub-type=extension --init-isolate-as-foreground --pdf-shared-library --pdf-upsell-enabled --dma-cps-flags=2048 --no-pre-read-main-dll --video-capture-use-gpu-memory-buffer --lang=en-US --js-flags=--ms-user-locale=en_CA --device-scale-factor=1.25 --num-raster-threads=2 --enable-main-frame-before-activation --renderer-client-id=38 --time-ticks-at-unix-epoch=-1759453067078525 --launch-time-ticks=934467188 --skip-read-main-dll --metrics-shmem-handle=9092,i,9892081943388093516,17483821041725578175,2097152 --field-trial-handle=2348,i,16660008465352235979,17821797528628127029,262144 --variations-seed-version --mojo-platform-channel-handle=6664 /prefetch:2","C:\Program Files (x86)\Microsoft\Edge\Application\msedge.exe","79.01 MB"
"1944","msedge.exe","9852","""C:\Program Files (x86)\Microsoft\Edge\Application\msedge.exe"" --type=renderer --renderer-sub-type=pdf-renderer --pdf-renderer --pdf-shared-library --pdf-upsell-enabled --dma-cps-flags=2048 --no-pre-read-main-dll --video-capture-use-gpu-memory-buffer --lang=en-US --js-flags=""--ms-user-locale=en_CA --jitless"" --device-scale-factor=1.25 --num-raster-threads=2 --enable-main-frame-before-activation --renderer-client-id=39 --time-ticks-at-unix-epoch=-1759453067078525 --launch-time-ticks=934652301 --skip-read-main-dll --metrics-shmem-handle=9220,i,11810706624639594746,8592768394830280462,2097152 --field-trial-handle=2348,i,16660008465352235979,17821797528628127029,262144 --variations-seed-version --mojo-platform-channel-handle=9224 /prefetch:8","C:\Program Files (x86)\Microsoft\Edge\Application\msedge.exe","329.71 MB"
"2116","msedge.exe","9852","""C:\Program Files (x86)\Microsoft\Edge\Application\msedge.exe"" --type=renderer --pdf-upsell-enabled --dma-cps-flags=2048 --no-pre-read-main-dll --video-capture-use-gpu-memory-buffer --lang=en-US --js-flags=--ms-user-locale=en_CA --device-scale-factor=1.25 --num-raster-threads=2 --enable-main-frame-before-activation --renderer-client-id=40 --time-ticks-at-unix-epoch=-1759453067078525 --launch-time-ticks=936546132 --skip-read-main-dll --metrics-shmem-handle=9536,i,18016916360087981744,18276228952075290455,2097152 --field-trial-handle=2348,i,16660008465352235979,17821797528628127029,262144 --variations-seed-version --mojo-platform-channel-handle=9504 /prefetch:1","C:\Program Files (x86)\Microsoft\Edge\Application\msedge.exe","93.75 MB"
"8860","msedge.exe","9852","""C:\Program Files (x86)\Microsoft\Edge\Application\msedge.exe"" --type=renderer --pdf-upsell-enabled --dma-cps-flags=2048 --no-pre-read-main-dll --video-capture-use-gpu-memory-buffer --lang=en-US --js-flags=--ms-user-locale=en_CA --device-scale-factor=1.25 --num-raster-threads=2 --enable-main-frame-before-activation --renderer-client-id=41 --time-ticks-at-unix-epoch=-1759453067078525 --launch-time-ticks=937488282 --skip-read-main-dll --metrics-shmem-handle=9864,i,10439882700411680270,13701161827843694965,2097152 --field-trial-handle=2348,i,16660008465352235979,17821797528628127029,262144 --variations-seed-version --mojo-platform-channel-handle=9492 /prefetch:1","C:\Program Files (x86)\Microsoft\Edge\Application\msedge.exe","101.25 MB"
"4484","svchost.exe","740","C:\Windows\system32\svchost.exe -k PrintWorkflow -s PrintWorkflowUserSvc","C:\Windows\system32\svchost.exe","10.66 MB"
"6040","msedge.exe","9852","""C:\Program Files (x86)\Microsoft\Edge\Application\msedge.exe"" --type=ppapi --lang=en-US --device-scale-factor=1.25 --ppapi-antialiased-text-enabled=1 --ppapi-subpixel-rendering-setting=1 --no-pre-read-main-dll --skip-read-main-dll --metrics-shmem-handle=7692,i,16183536855062116369,13198824597739768979,65536 --field-trial-handle=2348,i,16660008465352235979,17821797528628127029,262144 --variations-seed-version --mojo-platform-channel-handle=7528 /prefetch:3","C:\Program Files (x86)\Microsoft\Edge\Application\msedge.exe","107.43 MB"
"1908","msedge.exe","9852","""C:\Program Files (x86)\Microsoft\Edge\Application\msedge.exe"" --type=utility --utility-sub-type=edge_search_indexer.mojom.SearchIndexerInterfaceBroker --lang=en-US --service-sandbox-type=search_indexer --message-loop-type-ui --video-capture-use-gpu-memory-buffer --no-pre-read-main-dll --skip-read-main-dll --metrics-shmem-handle=7240,i,5397372427836050626,5510159810431834441,524288 --field-trial-handle=2348,i,16660008465352235979,17821797528628127029,262144 --variations-seed-version --mojo-platform-channel-handle=7296 /prefetch:8","C:\Program Files (x86)\Microsoft\Edge\Application\msedge.exe","25.93 MB"
"3236","SystemSettings.exe","876","""C:\Windows\ImmersiveControlPanel\SystemSettings.exe"" -ServerName:microsoft.windows.immersivecontrolpanel","C:\Windows\ImmersiveControlPanel\SystemSettings.exe","2.36 MB"
"5276","svchost.exe","740",,,"7.59 MB"
"216","notepad.exe","8844","""C:\Windows\system32\NOTEPAD.EXE"" C:\Users\User\Documents\case find 1.txt","C:\Windows\system32\NOTEPAD.EXE","16.31 MB"
"11468","svchost.exe","740",,,"9.20 MB"
"4388","svchost.exe","740",,,"8.33 MB"
"10796","chrome.exe","10200","""C:\Program Files\Google\Chrome\Application\chrome.exe"" --type=renderer --no-pre-read-main-dll --video-capture-use-gpu-memory-buffer --lang=en-US --device-scale-factor=1.25 --num-raster-threads=2 --enable-main-frame-before-activation --renderer-client-id=61 --time-ticks-at-unix-epoch=-1759453067078525 --launch-time-ticks=30613439764 --metrics-shmem-handle=3280,i,12928400152286144359,12810928228896024457,2097152 --field-trial-handle=2136,i,9074310048993936039,3719532167192538720,262144 --variations-seed-version=20251002-050050.133000 --mojo-platform-channel-handle=6072 /prefetch:1","C:\Program Files\Google\Chrome\Application\chrome.exe","633.95 MB"
"5224","taskhostw.exe","1700","taskhostw.exe","C:\Windows\system32\taskhostw.exe","8.66 MB"
"3596","svchost.exe","740",,,"6.04 MB"
"3964","chrome.exe","10200","""C:\Program Files\Google\Chrome\Application\chrome.exe"" --type=renderer --no-pre-read-main-dll --video-capture-use-gpu-memory-buffer --lang=en-US --device-scale-factor=1.25 --num-raster-threads=2 --enable-main-frame-before-activation --renderer-client-id=62 --time-ticks-at-unix-epoch=-1759453067078525 --launch-time-ticks=30631216875 --metrics-shmem-handle=9500,i,14174543197820451841,12696060298626350964,2097152 --field-trial-handle=2136,i,9074310048993936039,3719532167192538720,262144 --variations-seed-version=20251002-050050.133000 --mojo-platform-channel-handle=6852 /prefetch:1","C:\Program Files\Google\Chrome\Application\chrome.exe","32.12 MB"
"12796","sppsvc.exe","740",,,"12.88 MB"
"13160","msedge.exe","9852","""C:\Program Files (x86)\Microsoft\Edge\Application\msedge.exe"" --type=renderer --pdf-upsell-enabled --dma-cps-flags=2048 --no-pre-read-main-dll --video-capture-use-gpu-memory-buffer --lang=en-US --js-flags=--ms-user-locale=en_CA --device-scale-factor=1.25 --num-raster-threads=2 --enable-main-frame-before-activation --renderer-client-id=49 --time-ticks-at-unix-epoch=-1759453067078525 --launch-time-ticks=30717970085 --skip-read-main-dll --metrics-shmem-handle=7492,i,2755571633956648265,10757423558415912357,2097152 --field-trial-handle=2348,i,16660008465352235979,17821797528628127029,262144 --variations-seed-version --mojo-platform-channel-handle=7568 /prefetch:1","C:\Program Files (x86)\Microsoft\Edge\Application\msedge.exe","31.60 MB"
"12940","explorer.exe","876","C:\Windows\explorer.exe /factory,{75dff2b7-6936-4c06-a8bb-676a7b00b24b} -Embedding","C:\Windows\explorer.exe","74.87 MB"
"11240","notepad.exe","12940","""C:\Windows\system32\NOTEPAD.EXE"" C:\Users\User\Documents\New folderNQZ 09 18\ipconfig.all.txt","C:\Windows\system32\NOTEPAD.EXE","17.80 MB"
"10764","notepad.exe","12940","""C:\Windows\system32\NOTEPAD.EXE"" C:\Users\User\Documents\New folderNQZ 09 18\route.print.txt","C:\Windows\system32\NOTEPAD.EXE","17.84 MB"
"504","explorer.exe","876","C:\Windows\explorer.exe /factory,{75dff2b7-6936-4c06-a8bb-676a7b00b24b} -Embedding","C:\Windows\explorer.exe","61.98 MB"
"620","explorer.exe","876","C:\Windows\explorer.exe /factory,{75dff2b7-6936-4c06-a8bb-676a7b00b24b} -Embedding","C:\Windows\explorer.exe","62.62 MB"
"6580","explorer.exe","876","C:\Windows\explorer.exe /factory,{75dff2b7-6936-4c06-a8bb-676a7b00b24b} -Embedding","C:\Windows\explorer.exe","72.78 MB"
"2512","notepad.exe","6580","""C:\Windows\system32\NOTEPAD.EXE"" C:\Users\User\Desktop\PC2_EVIDENCE_SCAN\214_000003.log","C:\Windows\system32\NOTEPAD.EXE","16.85 MB"
"12496","notepad.exe","6580","""C:\Windows\system32\NOTEPAD.EXE"" C:\Users\User\Desktop\PC2_EVIDENCE_SCAN\221_index.txt","C:\Windows\system32\NOTEPAD.EXE","17.83 MB"
"1596","taskhostw.exe","1700",,,"15.84 MB"
"12420","notepad.exe","6580","""C:\Windows\system32\NOTEPAD.EXE"" C:\Users\User\Desktop\PC2_EVIDENCE_SCAN\232_sync_diagnostic.log","C:\Windows\system32\NOTEPAD.EXE","17.28 MB"
"13104","notepad.exe","6580","""C:\Windows\system32\NOTEPAD.EXE"" C:\Users\User\Desktop\PC2_EVIDENCE_SCAN\240_hub-signature.txt","C:\Windows\system32\NOTEPAD.EXE","17.70 MB"
"12916","notepad.exe","6580","""C:\Windows\system32\NOTEPAD.EXE"" C:\Users\User\Desktop\PC2_EVIDENCE_SCAN\316_passwords.txt","C:\Windows\system32\NOTEPAD.EXE","18.59 MB"
"6868","notepad.exe","6580","""C:\Windows\system32\NOTEPAD.EXE"" C:\Users\User\Desktop\PC2_EVIDENCE_SCAN\340_Install-PerUser_2025-09-19_101800_1576-276.log","C:\Windows\system32\NOTEPAD.EXE","17.13 MB"
"12836","notepad.exe","6580","""C:\Windows\system32\NOTEPAD.EXE"" C:\Users\User\Desktop\PC2_EVIDENCE_SCAN\387_V01000DE.log","C:\Windows\system32\NOTEPAD.EXE","18.21 MB"
"6048","notepad.exe","6580","""C:\Windows\system32\NOTEPAD.EXE"" C:\Users\User\Desktop\PC2_EVIDENCE_SCAN\408_WinGetCOM-2025-09-19-01-05-22.049.log","C:\Windows\system32\NOTEPAD.EXE","16.60 MB"
"8412","notepad.exe","6580","""C:\Windows\system32\NOTEPAD.EXE"" C:\Users\User\Desktop\PC2_EVIDENCE_SCAN\484_appsconversions.txt","C:\Windows\system32\NOTEPAD.EXE","21.59 MB"
"12088","notepad.exe","6580","""C:\Windows\system32\NOTEPAD.EXE"" C:\Users\User\Desktop\PC2_EVIDENCE_SCAN\531_TODO.txt","C:\Windows\system32\NOTEPAD.EXE","17.76 MB"
"11564","notepad.exe","6580","""C:\Windows\system32\NOTEPAD.EXE"" C:\Users\User\Desktop\PC2_EVIDENCE_SCAN\533_README.txt","C:\Windows\system32\NOTEPAD.EXE","17.78 MB"
"5644","notepad.exe","6580","""C:\Windows\system32\NOTEPAD.EXE"" C:\Users\User\Desktop\PC2_EVIDENCE_SCAN\577_top_level.txt","C:\Windows\system32\NOTEPAD.EXE","17.67 MB"
"11496","notepad.exe","6580","""C:\Windows\system32\NOTEPAD.EXE"" C:\Users\User\Desktop\PC2_EVIDENCE_SCAN\810_ConsoleHost_history.txt","C:\Windows\system32\NOTEPAD.EXE","19.73 MB"
"12132","notepad.exe","6580","""C:\Windows\system32\NOTEPAD.EXE"" C:\Users\User\Desktop\PC2_EVIDENCE_SCAN\817_000003.log","C:\Windows\system32\NOTEPAD.EXE","16.75 MB"
"10768","notepad.exe","6580","""C:\Windows\system32\NOTEPAD.EXE"" C:\Users\User\Desktop\PC2_EVIDENCE_SCAN\855_CLAUDE mirror method oath.txt","C:\Windows\system32\NOTEPAD.EXE","18.05 MB"
"916","notepad.exe","6580","""C:\Windows\system32\NOTEPAD.EXE"" C:\Users\User\Desktop\PC2_EVIDENCE_SCAN\1169_MacRoman.txt","C:\Windows\system32\NOTEPAD.EXE","17.96 MB"
"4972","notepad.exe","6580","""C:\Windows\system32\NOTEPAD.EXE"" C:\Users\User\Desktop\PC2_EVIDENCE_SCAN\1266_motion.txt","C:\Windows\system32\NOTEPAD.EXE","18.06 MB"
"8892","svchost.exe","740",,,"6.30 MB"
"4328","explorer.exe","876","C:\Windows\explorer.exe /factory,{75dff2b7-6936-4c06-a8bb-676a7b00b24b} -Embedding","C:\Windows\explorer.exe","67.77 MB"
"10740","smartscreen.exe","876","C:\Windows\System32\smartscreen.exe -Embedding","C:\Windows\System32\smartscreen.exe","23.07 MB"
"11524","notepad.exe","4328","""C:\Windows\system32\NOTEPAD.EXE"" C:\Users\User\Desktop\SYSTEM_ANALYSIS_REPORT\AI_Trading_Files.csv","C:\Windows\system32\NOTEPAD.EXE","19.27 MB"
"12568","notepad.exe","4328","""C:\Windows\system32\NOTEPAD.EXE"" C:\Users\User\Desktop\SYSTEM_ANALYSIS_REPORT\MASTER_ANALYSIS_REPORT.txt","C:\Windows\system32\NOTEPAD.EXE","17.55 MB"
"8480","audiodg.exe","2744",,,"17.85 MB"
"11288","WmiPrvSE.exe","876",,,"11.82 MB"
"1244","svchost.exe","740",,,"7.77 MB"
"12128","backgroundTaskHost.exe","876","""C:\Windows\system32\backgroundTaskHost.exe"" -ServerName:ShellFeedsUI.AppXnj65k2d1a1rnztt2t2nng5ctmk3e76pn.mca","C:\Windows\system32\backgroundTaskHost.exe","26.34 MB"
"2368","backgroundTaskHost.exe","876","""C:\Windows\system32\backgroundTaskHost.exe"" -ServerName:Global.DesktopSpotlight.AppXz2j21w56bgxkgsjhtn7zkjsepq96erz2.mca","C:\Windows\system32\backgroundTaskHost.exe","12.68 MB"
"9804","RuntimeBroker.exe","876","C:\Windows\System32\RuntimeBroker.exe -Embedding","C:\Windows\System32\RuntimeBroker.exe","10.19 MB"
"12516","chrome.exe","10200","""C:\Program Files\Google\Chrome\Application\chrome.exe"" --type=renderer --extension-process --no-pre-read-main-dll --video-capture-use-gpu-memory-buffer --lang=en-US --device-scale-factor=1.25 --num-raster-threads=2 --enable-main-frame-before-activation --renderer-client-id=74 --time-ticks-at-unix-epoch=-1759453067078525 --launch-time-ticks=34210097698 --metrics-shmem-handle=7844,i,11641944313202527537,2588160822034677108,2097152 --field-trial-handle=2136,i,9074310048993936039,3719532167192538720,262144 --variations-seed-version=20251002-050050.133000 --mojo-platform-channel-handle=9812 /prefetch:2","C:\Program Files\Google\Chrome\Application\chrome.exe","53.44 MB"
"7456","svchost.exe","740",,,"7.34 MB"
"6980","msedgewebview2.exe","9908","""C:\Program Files (x86)\Microsoft\EdgeWebView\Application\140.0.3485.94\msedgewebview2.exe"" --type=utility --utility-sub-type=audio.mojom.AudioService --lang=en-US --service-sandbox-type=audio --video-capture-use-gpu-memory-buffer --noerrdialogs --user-data-dir=""C:\Users\User\AppData\Local\Packages\Microsoft.Windows.Search_cw5n1h2txyewy\LocalState\EBWebView"" --webview-exe-name=SearchApp.exe --webview-exe-version=10.0.19041.6282 --embedded-browser-webview=1 --always-read-main-dll --metrics-shmem-handle=4796,i,5377628682514347281,1672898213680776950,524288 --field-trial-handle=1976,i,68551530149192063,5849864621792221217,262144 --enable-features=ForceSWDCompWhenDCompFallbackRequired,msAggressiveCacheTrimming,msCustomDataPartition,msEmbeddedBrowserVisualHosting,msWebView2NoTabForScreenShare,msWebViewAppLifeCycleWorkaround --disable-features=BackForwardCache,BackgroundTabLoadingFromPerformanceManager,CloseOmniboxPopupOnInactiveAreaClick,CollectAVProductsInfo,CollectCodeIntegrityInfo,EnableHangWatcher,FilterAdsOnAbusiveSites,GetWifiProtocol,LoginDetection,MediaFoundationCameraUsageMonitoring,PreconnectToSearch,SafetyHub,SegmentationPlatform,SpareRendererForSitePerProcess,Ukm,WebPayments,msAITrackerClassification,msAbydosForWindowlessWV2,msAffirmVirtualCard,msAllowChromeWebstore,msAllowMSAPrtSSOForNonMSAProfile,msApplicationGuard,msAskBeforeClosingMultipleTabs,msAutoToggleAADPrtSSOForNonAADProfile,msAutofillEdgeCoupons,msAutofillEdgeCouponsAutoApply,msAutofillEdgeServiceRequest,msAutofillEnableEdgeSuggestions,msAutomaticTabFreeze,msBrowserSettingsSupported,msCoarseGeolocationService,msDataProtection,msDesktopMode,msDesktopRewards,msDisableVariationsSeedFetchThrottling,msEEProactiveHistory,msETFOffstoreExtensionFileDataCollection,msETFPasswordTheftDNRActionSignals,msEdgeAdPlatformUI,msEdgeAddWebCapturetoCollections,msEdgeAutofillShowDeployedPassword,msEdgeCaptureSelectionInPDF,msEdgeCloudConfigService,msEdgeCloudConfigServiceV2,msEdgeCohorts,msEdgeCollectionsPrismExperiment1,msEdgeCollectionsPrismOverallMigration,msEdgeComposeNext,msEdgeEnableNurturingFramework,msEdgeEnclavePrefsBasic,msEdgeEnclavePrefsNotification,msEdgeFaviconService,msEdgeHJTelemetry,msEdgeHubAppSkype,msEdgeImageEditorUI,msEdgeLinkDoctor,msEdgeMouseGestureDefaultEnabled,msEdgeMouseGestureSupported,msEdgeNewDeviceFre,msEdgeOnRampFRE,msEdgeOnRampImport,msEdgePDFCMHighlightUX,msEdgePasswordIris,msEdgePasswordIrisSaveBubble,msEdgeProngPersonalization,msEdgeReadingView,msEdgeRose,msEdgeScreenshotUI,msEdgeSendTabToSelf,msEdgeSettingsImport,msEdgeSettingsImportV2,msEdgeShoppingPersistentStorage,msEdgeShoppingUI,msEdgeSmartFind,msEdgeSuperDragDefaultEnabled,msEdgeSuperDragDropSupported,msEdgeTranslate,msEdgeUpdatesMoreMenuPill,msEdgeWebCapture,msEdgeWebCaptureUniformExperience,msEdgeWebContentFilteringFeedback,msEdgeWorkSearchBanner,msEnableCustomJobMemoryLimitsOnXbox,msEnableMIPForPDF,msEnablePdfUpsell,msEnableThirdPartyScanning,msEnableWebSignInCta,msEnableWebToBrowserSignIn,msEndpointDlp,msEntityExtraction,msExtensionTelemetryFramework,msExternalTaskManager,msFileSystemAccessDirectoryIterationBlocklistCheck,msForceBrowserSignIn,msForeignSessionsPage,msGeolocationAccessService,msGeolocationOSLocationPermissionFallback,msGeolocationSQMService,msGeolocationService,msGrowthInfraLaunchSourceLogging,msGuidedSwitchAllowed,msHubPinPersist,msImplicitSignin,msIrm,msIrmv2,msKlarnaVirtualCard,msLlmConsumerDlpPurview,msLoadStatistics,msLogIsEdgePinnedToTaskbarOnLaunch,msMIPCrossTenantPdfViewSupport,msMdatpWebSiteDlp,msNotificationPermissionForPWA,msNumberOfSitesToPin,msNurturingGlobalSitePinningOnCloseModal,msNurturingSitePinningCITopSites,msNurturingSitePinningWithWindowsConsent,msOnHoverSearchInSidebar,msOpenOfficeDocumentsInWebViewer,msPageInteractionRestrictionRevoke,msPasswordBreachDetection,msPdfAnnotationsVisibility,msPdfDataRecovery,msPdfDigitalSignatureRead,msPdfFreeText,msPdfFreeTextForCJK,msPdfHighlightMode,msPdfInking,msPdfKeyphraseSupport,msPdfOOUI,msPdfPopupMarkerRenderer,msPdfShare,msPdfSharedLibrary,msPdfTextNote,msPdfTextNoteMoreMenu,msPdfThumbnailCache,msPdfUnderside,msPdfViewRestore,msPersonalizationUMA,msPriceComparison,msPrintInWebView2,msPromptDefaultHandlerForPDF,msReactiveSearch,msReadAloud,msReadAloudPdf,msRedirectToShoreline,msRevokeExtensions,msSaasDlp,msShoppingTrigger,msShorelineSearch,msShorelineSearchFindOnPageWebUI,msShowOfflineGameEntrance,msShowReadAloudIconInAddressBar,msShowUXForAADPrtSSOForNonAADProfile,msSitePinningWithoutUi,msSuspendMessageForNewSessionWhenHavingPendingNavigation,msSyncEdgeCollections,msTabResourceStats,msTokenizationAutofillInlineEnabled,msTouchMode,msTriggeringSignalGenerator,msUserUnderstanding,msVideoSuperResolutionUI,msWalletBuyNow,msWalletCheckout,msWalletDiagnosticDataLogger,msWalletHubEntry,msWalletHubIntlP3,msWalletPartialCard,msWalletPasswordCategorization,msWalletPasswordCategorizationPlatformExpansion,msWalletTokenizationCardMetadata,msWalletTokenizedAutofill,msWebAssist,msWebAssistHistorySearchService,msWebOOUI,msWindowsTaskManager,msWindowsUserActivities,msZipPayVirtualCard --variations-seed-version --mojo-platform-channel-handle=2348 /prefetch:8","C:\Program Files (x86)\Microsoft\EdgeWebView\Application\140.0.3485.94\msedgewebview2.exe","20.41 MB"
"5572","svchost.exe","740",,,"6.82 MB"
